{
  "id": "MAP_METEOR_FALLS_JIRACHIS_ROOM",
  "name": "MeteorFalls_JirachisRoom",
  "layout": "LAYOUT_METEOR_FALLS_JIRACHIS_ROOM",
  "music": "MUS_CAVE_OF_ORIGIN",
  "region_map_section": "MAPSEC_METEOR_FALLS",
  "requires_flash": false,
  "weather": "WEATHER_NONE",
  "map_type": "MAP_TYPE_UNDERGROUND",
  "allow_cycling": true,
  "allow_escaping": true,
  "allow_running": true,
  "show_map_name": true,
  "battle_scene": "MAP_BATTLE_SCENE_NORMAL",
  "connections": 0,
  "object_events": [
    {
      "graphics_id": "OBJ_EVENT_GFX_JIRACHI",
      "x": 7,
      "y": 6,
      "elevation": 3,
      "movement_type": "MOVEMENT_TYPE_NONE",
      "movement_range_x": 0,
      "movement_range_y": 0,
      "trainer_type": "TRAINER_TYPE_NONE",
      "trainer_sight_or_berry_tree_id": "0",
      "script": "MeteorFalls_JirachisRoom_EventScript_Jirachi",
      "flag": "FLAG_DEFEATED_JIRACHI"
    }
  ],
  "warp_events": [
    {
      "x": 7,
      "y": 10,
      "elevation": 0,
      "dest_map": "MAP_METEOR_FALLS_B1F_2R",
      "dest_warp_id": 1
    }
  ],
  "coord_events": [

  ],
  "bg_events": [
    {
      "type": "hidden_item",
      "x": 7,
      "y": 6,
      "elevation": 3,
      "item": "ITEM_COMET_SHARD",
      "flag": "FLAG_HIDDEN_ITEM_JIRACHIS_ROOM_COMET_SHARD"
    }
  ]
}
