{
  "id": "MAP_ABANDONED_SHIP_UNDERWATER2",
  "name": "AbandonedShip_Underwater2",
  "layout": "LAYOUT_ABANDONED_SHIP_UNDERWATER2",
  "music": "MUS_UNDERWATER",
  "region_map_section": "MAPSEC_ABANDONED_SHIP",
  "requires_flash": false,
  "weather": "WEATHER_UNDERWATER_BUBBLES",
  "map_type": "MAP_TYPE_UNDERWATER",
  "allow_cycling": true,
  "allow_escaping": false,
  "allow_running": true,
  "show_map_name": true,
  "battle_scene": "MAP_BATTLE_SCENE_NORMAL",
  "connections": 0,
  "object_events": [

  ],
  "warp_events": [
    {
      "x": 3,
      "y": 1,
      "elevation": 3,
      "dest_map": "MAP_ABANDONED_SHIP_UNDERWATER1",
      "dest_warp_id": 0
    }
  ],
  "coord_events": [

  ],
  "bg_events": [

  ]
}
