{
  "id": "MAP_ABANDONED_SHIP_ROOM_B1F",
  "name": "AbandonedShip_Room_B1F",
  "layout": "LAYOUT_ABANDONED_SHIP_ROOM_B1F",
  "music": "MUS_ABANDONED_SHIP",
  "region_map_section": "MAPSEC_ABANDONED_SHIP",
  "requires_flash": false,
  "weather": "WEATHER_SHADE",
  "map_type": "MAP_TYPE_UNDERGROUND",
  "allow_cycling": true,
  "allow_escaping": true,
  "allow_running": true,
  "show_map_name": true,
  "battle_scene": "MAP_BATTLE_SCENE_NORMAL",
  "connections": 0,
  "object_events": [

  ],
  "warp_events": [
    {
      "x": 4,
      "y": 7,
      "elevation": 3,
      "dest_map": "MAP_ABANDONED_SHIP_CORRIDORS_B1F",
      "dest_warp_id": 5
    },
    {
      "x": 5,
      "y": 7,
      "elevation": 3,
      "dest_map": "MAP_ABANDONED_SHIP_CORRIDORS_B1F",
      "dest_warp_id": 5
    }
  ],
  "coord_events": [

  ],
  "bg_events": [
    {
      "type": "sign",
      "x": 7,
      "y": 7,
      "elevation": 0,
      "player_facing_dir": "BG_EVENT_PLAYER_FACING_ANY",
      "script": "AbandonedShip_Room_B1F_EventScript_Spiritomb"
    }
  ]
}
