{
  "id": "MAP_ALTERING_CAVE",
  "name": "AlteringCave",
  "layout": "LAYOUT_ALTERING_CAVE",
  "music": "HG_SEQ_GS_D_IWAYAMA",
  "region_map_section": "MAPSEC_ALTERING_CAVE",
  "requires_flash": false,
  "weather": "WEATHER_NONE",
  "map_type": "MAP_TYPE_UNDERGROUND",
  "allow_cycling": true,
  "allow_escaping": true,
  "allow_running": true,
  "show_map_name": true,
  "battle_scene": "MAP_BATTLE_SCENE_NORMAL",
  "connections": 0,
  "object_events": [
    {
      "graphics_id": "OBJ_EVENT_GFX_BREAKABLE_ROCK",
      "x": 5,
      "y": 20,
      "elevation": 3,
      "movement_type": "MOVEMENT_TYPE_NONE",
      "movement_range_x": 0,
      "movement_range_y": 0,
      "trainer_type": "TRAINER_TYPE_NONE",
      "trainer_sight_or_berry_tree_id": "0",
      "script": "EventScript_RockSmash",
      "flag": "FLAG_TEMP_1"
    },
    {
      "graphics_id": "OBJ_EVENT_GFX_BREAKABLE_ROCK",
      "x": 7,
      "y": 21,
      "elevation": 3,
      "movement_type": "MOVEMENT_TYPE_NONE",
      "movement_range_x": 0,
      "movement_range_y": 0,
      "trainer_type": "TRAINER_TYPE_NONE",
      "trainer_sight_or_berry_tree_id": "0",
      "script": "EventScript_RockSmash",
      "flag": "FLAG_TEMP_2"
    },
    {
      "graphics_id": "OBJ_EVENT_GFX_BREAKABLE_ROCK",
      "x": 9,
      "y": 18,
      "elevation": 3,
      "movement_type": "MOVEMENT_TYPE_NONE",
      "movement_range_x": 0,
      "movement_range_y": 0,
      "trainer_type": "TRAINER_TYPE_NONE",
      "trainer_sight_or_berry_tree_id": "0",
      "script": "EventScript_RockSmash",
      "flag": "FLAG_TEMP_3"
    },
    {
      "graphics_id": "OBJ_EVENT_GFX_BREAKABLE_ROCK",
      "x": 11,
      "y": 21,
      "elevation": 3,
      "movement_type": "MOVEMENT_TYPE_NONE",
      "movement_range_x": 0,
      "movement_range_y": 0,
      "trainer_type": "TRAINER_TYPE_NONE",
      "trainer_sight_or_berry_tree_id": "0",
      "script": "EventScript_RockSmash",
      "flag": "FLAG_TEMP_4"
    },
    {
      "graphics_id": "OBJ_EVENT_GFX_BREAKABLE_ROCK",
      "x": 13,
      "y": 21,
      "elevation": 3,
      "movement_type": "MOVEMENT_TYPE_NONE",
      "movement_range_x": 0,
      "movement_range_y": 0,
      "trainer_type": "TRAINER_TYPE_NONE",
      "trainer_sight_or_berry_tree_id": "0",
      "script": "EventScript_RockSmash",
      "flag": "FLAG_TEMP_5"
    },
    {
      "graphics_id": "OBJ_EVENT_GFX_BREAKABLE_ROCK",
      "x": 14,
      "y": 20,
      "elevation": 3,
      "movement_type": "MOVEMENT_TYPE_NONE",
      "movement_range_x": 0,
      "movement_range_y": 0,
      "trainer_type": "TRAINER_TYPE_NONE",
      "trainer_sight_or_berry_tree_id": "0",
      "script": "EventScript_RockSmash",
      "flag": "FLAG_TEMP_6"
    }
  ],
  "warp_events": [
    {
      "x": 33,
      "y": 21,
      "elevation": 0,
      "dest_map": "MAP_ROUTE103",
      "dest_warp_id": 0
    },
    {
      "x": 2,
      "y": 4,
      "elevation": 0,
      "dest_map": "MAP_ALTERING_CAVE_1F",
      "dest_warp_id": 0
    },
    {
      "x": 5,
      "y": 15,
      "elevation": 0,
      "dest_map": "MAP_ALTERING_CAVE_1F",
      "dest_warp_id": 2
    },
    {
      "x": 10,
      "y": 2,
      "elevation": 0,
      "dest_map": "MAP_ALTERING_CAVE_1F",
      "dest_warp_id": 1
    },
    {
      "x": 24,
      "y": 11,
      "elevation": 0,
      "dest_map": "MAP_ALTERING_CAVE_1F",
      "dest_warp_id": 3
    },
    {
      "x": 30,
      "y": 10,
      "elevation": 0,
      "dest_map": "MAP_ALTERING_CAVE_1F",
      "dest_warp_id": 4
    },
    {
      "x": 34,
      "y": 2,
      "elevation": 0,
      "dest_map": "MAP_ALTERING_CAVE_1F",
      "dest_warp_id": 5
    },
    {
      "x": 1,
      "y": 8,
      "elevation": 0,
      "dest_map": "MAP_ALTERING_CAVE_B1F",
      "dest_warp_id": 0
    }
  ],
  "coord_events": [

  ],
  "bg_events": [

  ]
}
