{
  "id": "MAP_EMBER_PATH",
  "name": "EmberPath",
  "layout": "LAYOUT_EMBER_PATH",
  "music": "MUS_PETALBURG_WOODS",
  "region_map_section": "MAPSEC_EMBER_PATH",
  "requires_flash": false,
  "weather": "WEATHER_NONE",
  "map_type": "MAP_TYPE_UNDERGROUND",
  "allow_cycling": true,
  "allow_escaping": true,
  "allow_running": true,
  "show_map_name": true,
  "battle_scene": "MAP_BATTLE_SCENE_NORMAL",
  "connections": 0,
  "object_events": [
    {
      "graphics_id": "OBJ_EVENT_GFX_PUSHABLE_BOULDER",
      "x": 13,
      "y": 36,
      "elevation": 3,
      "movement_type": "MOVEMENT_TYPE_LOOK_AROUND",
      "movement_range_x": 0,
      "movement_range_y": 0,
      "trainer_type": "TRAINER_TYPE_NONE",
      "trainer_sight_or_berry_tree_id": "0",
      "script": "EventScript_StrengthBoulder",
      "flag": "FLAG_TEMP_13"
    },
    {
      "graphics_id": "OBJ_EVENT_GFX_PUSHABLE_BOULDER",
      "x": 14,
      "y": 32,
      "elevation": 3,
      "movement_type": "MOVEMENT_TYPE_LOOK_AROUND",
      "movement_range_x": 0,
      "movement_range_y": 0,
      "trainer_type": "TRAINER_TYPE_NONE",
      "trainer_sight_or_berry_tree_id": "0",
      "script": "EventScript_StrengthBoulder",
      "flag": "FLAG_TEMP_12"
    },
    {
      "graphics_id": "OBJ_EVENT_GFX_MOLTRES",
      "x": 21,
      "y": 14,
      "elevation": 3,
      "movement_type": "MOVEMENT_TYPE_FACE_DOWN",
      "movement_range_x": 0,
      "movement_range_y": 0,
      "trainer_type": "TRAINER_TYPE_NONE",
      "trainer_sight_or_berry_tree_id": "0",
      "script": "EmberPath_EventScript_Moltres",
      "flag": "FLAG_DEFEATED_MOLTRES"
    }
  ],
  "warp_events": [
    {
      "x": 33,
      "y": 38,
      "elevation": 0,
      "dest_map": "MAP_JAGGED_PASS",
      "dest_warp_id": 5
    },
    {
      "x": 3,
      "y": 17,
      "elevation": 0,
      "dest_map": "MAP_ASHEN_WOODS",
      "dest_warp_id": 0
    }
  ],
  "coord_events": [

  ],
  "bg_events": [
    {
      "type": "hidden_item",
      "x": 9,
      "y": 38,
      "elevation": 3,
      "item": "ITEM_MAGMARIZER",
      "flag": "FLAG_HIDDEN_ITEM_EMBER_PATH_MAGMARIZER"
    },
    {
      "type": "hidden_item",
      "x": 6,
      "y": 2,
      "elevation": 3,
      "item": "ITEM_FLAME_PLATE",
      "flag": "FLAG_HIDDEN_ITEM_EMBER_PATH_FLAME_PLATE"
    }
  ]
}
