{
  "id": "MAP_SCORCHED_SLAB",
  "name": "ScorchedSlab",
  "layout": "LAYOUT_SCORCHED_SLAB",
  "music": "MUS_PETALBURG_WOODS",
  "region_map_section": "MAPSEC_SCORCHED_SLAB",
  "requires_flash": false,
  "weather": "WEATHER_NONE",
  "map_type": "MAP_TYPE_UNDERGROUND",
  "allow_cycling": true,
  "allow_escaping": true,
  "allow_running": true,
  "show_map_name": true,
  "battle_scene": "MAP_BATTLE_SCENE_NORMAL",
  "connections": 0,
  "object_events": [

  ],
  "warp_events": [
    {
      "x": 7,
      "y": 16,
      "elevation": 1,
      "dest_map": "MAP_ROUTE120",
      "dest_warp_id": 1
    },
    {
      "x": 9,
      "y": 3,
      "elevation": 0,
      "dest_map": "MAP_SCORCHED_SLAB_B1F",
      "dest_warp_id": 0
    }
  ],
  "coord_events": [

  ],
  "bg_events": [

  ]
}
