{
  "id": "MAP_LILYCOVE_CITY_DEPARTMENT_STORE_ROOFTOP",
  "name": "LilycoveCity_DepartmentStoreRooftop",
  "layout": "LAYOUT_LILYCOVE_CITY_DEPARTMENT_STORE_ROOFTOP",
  "music": "MUS_LILYCOVE",
  "region_map_section": "MAPSEC_LILYCOVE_CITY",
  "requires_flash": false,
  "weather": "WEATHER_NONE",
  "map_type": "MAP_TYPE_INDOOR",
  "allow_cycling": false,
  "allow_escaping": false,
  "allow_running": false,
  "show_map_name": false,
  "battle_scene": "MAP_BATTLE_SCENE_NORMAL",
  "connections": null,
  "object_events": [
    {
      "graphics_id": "OBJ_EVENT_GFX_MAN_2",
      "x": 4,
      "y": 4,
      "elevation": 3,
      "movement_type": "MOVEMENT_TYPE_FACE_UP",
      "movement_range_x": 0,
      "movement_range_y": 0,
      "trainer_type": "TRAINER_TYPE_NONE",
      "trainer_sight_or_berry_tree_id": "0",
      "script": "LilycoveCity_DepartmentStoreRooftop_EventScript_Man",
      "flag": "0"
    },
    {
      "graphics_id": "OBJ_EVENT_GFX_MAN_3",
      "x": 7,
      "y": 5,
      "elevation": 3,
      "movement_type": "MOVEMENT_TYPE_WANDER_LEFT_AND_RIGHT",
      "movement_range_x": 1,
      "movement_range_y": 0,
      "trainer_type": "TRAINER_TYPE_NONE",
      "trainer_sight_or_berry_tree_id": "0",
      "script": "LilycoveCity_DepartmentStoreRooftop_EventScript_ThirstyMan",
      "flag": "0"
    },
    {
      "graphics_id": "OBJ_EVENT_GFX_ROOFTOP_SALE_WOMAN",
      "x": 6,
      "y": 1,
      "elevation": 3,
      "movement_type": "MOVEMENT_TYPE_FACE_DOWN",
      "movement_range_x": 1,
      "movement_range_y": 1,
      "trainer_type": "TRAINER_TYPE_NONE",
      "trainer_sight_or_berry_tree_id": "0",
      "script": "LilycoveCity_DepartmentStoreRooftop_EventScript_SaleWoman",
      "flag": "FLAG_HIDE_LILYCOVE_DEPARTMENT_STORE_ROOFTOP_SALE_WOMAN"
    },
    {
      "graphics_id": "OBJ_EVENT_GFX_WOMAN_3",
      "x": 15,
      "y": 5,
      "elevation": 3,
      "movement_type": "MOVEMENT_TYPE_FACE_DOWN",
      "movement_range_x": 1,
      "movement_range_y": 0,
      "trainer_type": "TRAINER_TYPE_NONE",
      "trainer_sight_or_berry_tree_id": "0",
      "script": "LilycoveCity_DepartmentStoreRooftop_EventScript_SubstituteTM",
      "flag": "0"
    }
  ],
  "warp_events": [
    {
      "x": 13,
      "y": 3,
      "elevation": 0,
      "dest_map": "MAP_LILYCOVE_CITY_DEPARTMENT_STORE_5F",
      "dest_warp_id": 2
    }
  ],
  "coord_events": [],
  "bg_events": [
    {
      "type": "sign",
      "x": 9,
      "y": 1,
      "elevation": 0,
      "player_facing_dir": "BG_EVENT_PLAYER_FACING_ANY",
      "script": "LilycoveCity_DepartmentStoreRooftop_EventScript_VendingMachine"
    },
    {
      "type": "sign",
      "x": 10,
      "y": 1,
      "elevation": 0,
      "player_facing_dir": "BG_EVENT_PLAYER_FACING_ANY",
      "script": "LilycoveCity_DepartmentStoreRooftop_EventScript_VendingMachine"
    }
  ]
}
