{
  "id": "MAP_NEW_MAUVILLE_INSIDE",
  "name": "NewMauville_Inside",
  "layout": "LAYOUT_NEW_MAUVILLE_INSIDE",
  "music": "MUS_MT_PYRE",
  "region_map_section": "MAPSEC_NEW_MAUVILLE",
  "requires_flash": false,
  "weather": "WEATHER_NONE",
  "map_type": "MAP_TYPE_UNDERGROUND",
  "allow_cycling": true,
  "allow_escaping": true,
  "allow_running": true,
  "show_map_name": true,
  "battle_scene": "MAP_BATTLE_SCENE_NORMAL",
  "connections": 0,
  "object_events": [
    {
      "graphics_id": "OBJ_EVENT_GFX_ITEM_BALL",
      "x": 2,
      "y": 11,
      "elevation": 3,
      "movement_type": "MOVEMENT_TYPE_LOOK_AROUND",
      "movement_range_x": 1,
      "movement_range_y": 1,
      "trainer_type": "TRAINER_TYPE_NONE",
      "trainer_sight_or_berry_tree_id": "0",
      "script": "NewMauville_Inside_EventScript_ItemElectirizer",
      "flag": "FLAG_ITEM_NEW_MAUVILLE_ELECTIRIZER"
    },
    {
      "graphics_id": "OBJ_EVENT_GFX_ITEM_BALL",
      "x": 25,
      "y": 18,
      "elevation": 3,
      "movement_type": "MOVEMENT_TYPE_LOOK_AROUND",
      "movement_range_x": 1,
      "movement_range_y": 1,
      "trainer_type": "TRAINER_TYPE_NONE",
      "trainer_sight_or_berry_tree_id": "0",
      "script": "NewMauville_Inside_EventScript_Electrode1",
      "flag": "FLAG_HIDE_NEW_MAUVILLE_ELECTRODE_1"
    },
    {
      "graphics_id": "OBJ_EVENT_GFX_ITEM_BALL",
      "x": 6,
      "y": 11,
      "elevation": 3,
      "movement_type": "MOVEMENT_TYPE_LOOK_AROUND",
      "movement_range_x": 1,
      "movement_range_y": 1,
      "trainer_type": "TRAINER_TYPE_NONE",
      "trainer_sight_or_berry_tree_id": "0",
      "script": "NewMauville_Inside_EventScript_Electrode2",
      "flag": "FLAG_HIDE_NEW_MAUVILLE_ELECTRODE_2"
    },
    {
      "graphics_id": "OBJ_EVENT_GFX_ITEM_BALL",
      "x": 13,
      "y": 10,
      "elevation": 3,
      "movement_type": "MOVEMENT_TYPE_LOOK_AROUND",
      "movement_range_x": 1,
      "movement_range_y": 1,
      "trainer_type": "TRAINER_TYPE_NONE",
      "trainer_sight_or_berry_tree_id": "0",
      "script": "NewMauville_Inside_EventScript_Electrode3",
      "flag": "FLAG_HIDE_NEW_MAUVILLE_ELECTRODE_3"
    },
    {
      "graphics_id": "OBJ_EVENT_GFX_ZAPDOS",
      "x": 33,
      "y": 15,
      "elevation": 3,
      "movement_type": "MOVEMENT_TYPE_NONE",
      "movement_range_x": 0,
      "movement_range_y": 0,
      "trainer_type": "TRAINER_TYPE_NONE",
      "trainer_sight_or_berry_tree_id": "0",
      "script": "NewMauville_Inside_EventScript_Zapdos",
      "flag": "FLAG_DEFEATED_ZAPDOS"
    }
  ],
  "warp_events": [
    {
      "x": 32,
      "y": 33,
      "elevation": 3,
      "dest_map": "MAP_NEW_MAUVILLE_ENTRANCE",
      "dest_warp_id": 1
    }
  ],
  "coord_events": [
    {
      "type": "trigger",
      "x": 30,
      "y": 38,
      "elevation": 3,
      "var": "VAR_TEMP_1",
      "var_value": "0",
      "script": "NewMauville_Inside_EventScript_BlueButton"
    },
    {
      "type": "trigger",
      "x": 18,
      "y": 36,
      "elevation": 3,
      "var": "VAR_TEMP_2",
      "var_value": "0",
      "script": "NewMauville_Inside_EventScript_GreenButton"
    },
    {
      "type": "trigger",
      "x": 4,
      "y": 26,
      "elevation": 3,
      "var": "VAR_TEMP_1",
      "var_value": "0",
      "script": "NewMauville_Inside_EventScript_BlueButton"
    },
    {
      "type": "trigger",
      "x": 16,
      "y": 22,
      "elevation": 3,
      "var": "VAR_TEMP_1",
      "var_value": "0",
      "script": "NewMauville_Inside_EventScript_BlueButton"
    },
    {
      "type": "trigger",
      "x": 25,
      "y": 18,
      "elevation": 3,
      "var": "VAR_TEMP_2",
      "var_value": "0",
      "script": "NewMauville_Inside_EventScript_GreenButton"
    },
    {
      "type": "trigger",
      "x": 2,
      "y": 11,
      "elevation": 3,
      "var": "VAR_TEMP_2",
      "var_value": "0",
      "script": "NewMauville_Inside_EventScript_GreenButton"
    },
    {
      "type": "trigger",
      "x": 6,
      "y": 11,
      "elevation": 3,
      "var": "VAR_TEMP_1",
      "var_value": "0",
      "script": "NewMauville_Inside_EventScript_BlueButton"
    },
    {
      "type": "trigger",
      "x": 13,
      "y": 10,
      "elevation": 3,
      "var": "VAR_TEMP_1",
      "var_value": "0",
      "script": "NewMauville_Inside_EventScript_BlueButton"
    },
    {
      "type": "trigger",
      "x": 17,
      "y": 10,
      "elevation": 3,
      "var": "VAR_TEMP_2",
      "var_value": "0",
      "script": "NewMauville_Inside_EventScript_GreenButton"
    },
    {
      "type": "trigger",
      "x": 33,
      "y": 6,
      "elevation": 3,
      "var": "VAR_NEW_MAUVILLE_STATE",
      "var_value": "1",
      "script": "NewMauville_Inside_EventScript_RedButton"
    },
    {
      "type": "trigger",
      "x": 32,
      "y": 6,
      "elevation": 0,
      "var": "VAR_NEW_MAUVILLE_STATE",
      "var_value": "2",
      "script": "NewMauville_Inside_EventScript_Rotom"
    },
    {
      "type": "trigger",
      "x": 33,
      "y": 7,
      "elevation": 0,
      "var": "VAR_NEW_MAUVILLE_STATE",
      "var_value": "2",
      "script": "NewMauville_Inside_EventScript_Rotom"
    },
    {
      "type": "trigger",
      "x": 34,
      "y": 6,
      "elevation": 0,
      "var": "VAR_NEW_MAUVILLE_STATE",
      "var_value": "2",
      "script": "NewMauville_Inside_EventScript_Rotom"
    },
    {
      "type": "trigger",
      "x": 33,
      "y": 5,
      "elevation": 0,
      "var": "VAR_NEW_MAUVILLE_STATE",
      "var_value": "2",
      "script": "NewMauville_Inside_EventScript_Rotom"
    },
    {
      "type": "trigger",
      "x": 34,
      "y": 6,
      "elevation": 0,
      "var": "VAR_NEW_MAUVILLE_STATE",
      "var_value": "4",
      "script": "NewMauville_Inside_EventScript_Rotom2"
    },
    {
      "type": "trigger",
      "x": 33,
      "y": 7,
      "elevation": 0,
      "var": "VAR_NEW_MAUVILLE_STATE",
      "var_value": "4",
      "script": "NewMauville_Inside_EventScript_Rotom2"
    },
    {
      "type": "trigger",
      "x": 32,
      "y": 6,
      "elevation": 0,
      "var": "VAR_NEW_MAUVILLE_STATE",
      "var_value": "4",
      "script": "NewMauville_Inside_EventScript_Rotom2"
    },
    {
      "type": "trigger",
      "x": 33,
      "y": 5,
      "elevation": 0,
      "var": "VAR_NEW_MAUVILLE_STATE",
      "var_value": "4",
      "script": "NewMauville_Inside_EventScript_Rotom2"
    },
    {
      "type": "trigger",
      "x": 33,
      "y": 6,
      "elevation": 0,
      "var": "VAR_NEW_MAUVILLE_STATE",
      "var_value": "5",
      "script": "NewMauville_Inside_EventScript_RotomEncounter"
    },
    {
      "type": "trigger",
      "x": 33,
      "y": 6,
      "elevation": 0,
      "var": "VAR_NEW_MAUVILLE_STATE",
      "var_value": "3",
      "script": "NewMauville_Inside_EventScript_RedButton2"
    }
  ],
  "bg_events": [
    {
      "type": "sign",
      "x": 32,
      "y": 4,
      "elevation": 3,
      "player_facing_dir": "BG_EVENT_PLAYER_FACING_ANY",
      "script": "NewMauville_Inside_EventScript_Generator"
    },
    {
      "type": "sign",
      "x": 32,
      "y": 3,
      "elevation": 3,
      "player_facing_dir": "BG_EVENT_PLAYER_FACING_ANY",
      "script": "NewMauville_Inside_EventScript_Generator"
    },
    {
      "type": "sign",
      "x": 32,
      "y": 2,
      "elevation": 0,
      "player_facing_dir": "BG_EVENT_PLAYER_FACING_ANY",
      "script": "NewMauville_Inside_EventScript_Generator"
    },
    {
      "type": "sign",
      "x": 33,
      "y": 4,
      "elevation": 3,
      "player_facing_dir": "BG_EVENT_PLAYER_FACING_ANY",
      "script": "NewMauville_Inside_EventScript_Generator"
    },
    {
      "type": "sign",
      "x": 34,
      "y": 4,
      "elevation": 3,
      "player_facing_dir": "BG_EVENT_PLAYER_FACING_ANY",
      "script": "NewMauville_Inside_EventScript_Generator"
    },
    {
      "type": "sign",
      "x": 35,
      "y": 4,
      "elevation": 3,
      "player_facing_dir": "BG_EVENT_PLAYER_FACING_ANY",
      "script": "NewMauville_Inside_EventScript_Generator"
    },
    {
      "type": "sign",
      "x": 35,
      "y": 3,
      "elevation": 3,
      "player_facing_dir": "BG_EVENT_PLAYER_FACING_ANY",
      "script": "NewMauville_Inside_EventScript_Generator"
    },
    {
      "type": "sign",
      "x": 35,
      "y": 2,
      "elevation": 0,
      "player_facing_dir": "BG_EVENT_PLAYER_FACING_ANY",
      "script": "NewMauville_Inside_EventScript_Generator"
    }
  ]
}
