{
  "id": "MAP_EVER_GRANDE_CITY_HALL4",
  "name": "EverGrandeCity_Hall4",
  "layout": "LAYOUT_EVER_GRANDE_CITY_HALL4",
  "music": "MUS_VICTORY_ROAD",
  "region_map_section": "MAPSEC_EVER_GRANDE_CITY",
  "requires_flash": false,
  "weather": "WEATHER_NONE",
  "map_type": "MAP_TYPE_INDOOR",
  "allow_cycling": false,
  "allow_escaping": false,
  "allow_running": false,
  "show_map_name": false,
  "battle_scene": "MAP_BATTLE_SCENE_NORMAL",
  "connections": 0,
  "object_events": [

  ],
  "warp_events": [
    {
      "x": 5,
      "y": 33,
      "elevation": 3,
      "dest_map": "MAP_EVER_GRANDE_CITY_DRAKES_ROOM",
      "dest_warp_id": 1
    },
    {
      "x": 5,
      "y": 2,
      "elevation": 0,
      "dest_map": "MAP_EVER_GRANDE_CITY_CHAMPIONS_ROOM",
      "dest_warp_id": 0
    }
  ],
  "coord_events": [

  ],
  "bg_events": [

  ]
}
