{
  "id": "MAP_METEOR_FALLS_B1F_2R",
  "name": "MeteorFalls_B1F_2R",
  "layout": "LAYOUT_METEOR_FALLS_B1F_2R",
  "music": "MUS_CAVE_OF_ORIGIN",
  "region_map_section": "MAPSEC_METEOR_FALLS",
  "requires_flash": false,
  "weather": "WEATHER_NONE",
  "map_type": "MAP_TYPE_UNDERGROUND",
  "allow_cycling": true,
  "allow_escaping": true,
  "allow_running": true,
  "show_map_name": true,
  "battle_scene": "MAP_BATTLE_SCENE_NORMAL",
  "connections": 0,
  "object_events": [

  ],
  "warp_events": [
    {
      "x": 5,
      "y": 15,
      "elevation": 3,
      "dest_map": "MAP_METEOR_FALLS_B1F_1R",
      "dest_warp_id": 3
    },
    {
      "x": 5,
      "y": 2,
      "elevation": 0,
      "dest_map": "MAP_METEOR_FALLS_JIRACHIS_ROOM",
      "dest_warp_id": 0
    }
  ],
  "coord_events": [

  ],
  "bg_events": [

  ]
}
