{
  "id": "MAP_ARTISAN_CAVE_B1F",
  "name": "ArtisanCave_B1F",
  "layout": "LAYOUT_ARTISAN_CAVE_B1F",
  "music": "MUS_PETALBURG_WOODS",
  "region_map_section": "MAPSEC_ARTISAN_CAVE",
  "requires_flash": false,
  "weather": "WEATHER_NONE",
  "map_type": "MAP_TYPE_UNDERGROUND",
  "allow_cycling": true,
  "allow_escaping": true,
  "allow_running": true,
  "show_map_name": true,
  "battle_scene": "MAP_BATTLE_SCENE_NORMAL",
  "connections": 0,
  "object_events": [

  ],
  "warp_events": [
    {
      "x": 8,
      "y": 48,
      "elevation": 0,
      "dest_map": "MAP_BATTLE_FRONTIER_OUTSIDE_WEST",
      "dest_warp_id": 10
    },
    {
      "x": 38,
      "y": 5,
      "elevation": 0,
      "dest_map": "MAP_ARTISAN_CAVE_1F",
      "dest_warp_id": 1
    }
  ],
  "coord_events": [

  ],
  "bg_events": [

  ]
}
