{
  "id": "MAP_LAVARIDGE_TOWN_POKEMON_CENTER_1F",
  "name": "LavaridgeTown_PokemonCenter_1F",
  "layout": "LAYOUT_LAVARIDGE_TOWN_POKEMON_CENTER_1F",
  "music": "MUS_POKE_CENTER",
  "region_map_section": "MAPSEC_LAVARIDGE_TOWN",
  "requires_flash": false,
  "weather": "WEATHER_NONE",
  "map_type": "MAP_TYPE_INDOOR",
  "allow_cycling": false,
  "allow_escaping": false,
  "allow_running": false,
  "show_map_name": false,
  "battle_scene": "MAP_BATTLE_SCENE_NORMAL",
  "connections": 0,
  "object_events": [
    {
      "graphics_id": "OBJ_EVENT_GFX_NURSE",
      "x": 8,
      "y": 2,
      "elevation": 3,
      "movement_type": "MOVEMENT_TYPE_FACE_DOWN",
      "movement_range_x": 0,
      "movement_range_y": 0,
      "trainer_type": "TRAINER_TYPE_NONE",
      "trainer_sight_or_berry_tree_id": "0",
      "script": "LavaridgeTown_PokemonCenter_1F_EventScript_Nurse",
      "flag": "0"
    },
    {
      "graphics_id": "OBJ_EVENT_GFX_YOUNGSTER",
      "x": 13,
      "y": 8,
      "elevation": 3,
      "movement_type": "MOVEMENT_TYPE_FACE_UP",
      "movement_range_x": 0,
      "movement_range_y": 0,
      "trainer_type": "TRAINER_TYPE_NONE",
      "trainer_sight_or_berry_tree_id": "0",
      "script": "LavaridgeTown_PokemonCenter_1F_EventScript_Youngster",
      "flag": "0"
    },
    {
      "graphics_id": "OBJ_EVENT_GFX_WOMAN_3",
      "x": 12,
      "y": 6,
      "elevation": 0,
      "movement_type": "MOVEMENT_TYPE_FACE_LEFT",
      "movement_range_x": 0,
      "movement_range_y": 0,
      "trainer_type": "TRAINER_TYPE_NONE",
      "trainer_sight_or_berry_tree_id": "0",
      "script": "LavaridgeTown_PokemonCenter_1F_EventScript_Woman",
      "flag": "0"
    },
    {
      "graphics_id": "OBJ_EVENT_GFX_GENTLEMAN",
      "x": 3,
      "y": 8,
      "elevation": 3,
      "movement_type": "MOVEMENT_TYPE_FACE_RIGHT",
      "movement_range_x": 0,
      "movement_range_y": 0,
      "trainer_type": "TRAINER_TYPE_NONE",
      "trainer_sight_or_berry_tree_id": "0",
      "script": "LavaridgeTown_PokemonCenter_1F_EventScript_Gentleman",
      "flag": "0"
    },
    {
      "graphics_id": "OBJ_EVENT_GFX_WOMAN_2",
      "x": 4,
      "y": 3,
      "elevation": 3,
      "movement_type": "MOVEMENT_TYPE_FACE_DOWN",
      "movement_range_x": 0,
      "movement_range_y": 0,
      "trainer_type": "TRAINER_TYPE_NONE",
      "trainer_sight_or_berry_tree_id": "0",
      "script": "LavaridgeTown_PokemonCenter_1F_EventScript_MoomooMilk",
      "flag": "0"
    },
    {
      "graphics_id": "OBJ_EVENT_GFX_MYSTERY_GIFT_MAN",
      "x": 13,
      "y": 2,
      "elevation": 3,
      "movement_type": "MOVEMENT_TYPE_NONE",
      "movement_range_x": 0,
      "movement_range_y": 0,
      "trainer_type": "TRAINER_TYPE_NONE",
      "trainer_sight_or_berry_tree_id": "0",
      "script": "LittlerootTown_EventScript_TutorialNPC",
      "flag": "0"
    },
    {
      "graphics_id": "OBJ_EVENT_GFX_OLD_MAN",
      "x": 14,
      "y": 2,
      "elevation": 3,
      "movement_type": "MOVEMENT_TYPE_FACE_DOWN",
      "movement_range_x": 0,
      "movement_range_y": 0,
      "trainer_type": "TRAINER_TYPE_NONE",
      "trainer_sight_or_berry_tree_id": "0",
      "script": "PKMN_Center_Move_Tutor",
      "flag": "0"
    },
    {
      "graphics_id": "OBJ_EVENT_GFX_LUCY",
      "x": 10,
      "y": 4,
      "elevation": 3,
      "movement_type": "MOVEMENT_TYPE_FACE_DOWN",
      "movement_range_x": 0,
      "movement_range_y": 0,
      "trainer_type": "TRAINER_TYPE_NONE",
      "trainer_sight_or_berry_tree_id": "0",
      "script": "LavaridgeTown_PokemonCenter_1F_EventScript_Lucy",
      "flag": "FLAG_HIDE_LAVARIDGE_POKECENTER_LUCY"
    }
  ],
  "warp_events": [
    {
      "x": 8,
      "y": 8,
      "elevation": 3,
      "dest_map": "MAP_LAVARIDGE_TOWN",
      "dest_warp_id": 3
    },
    {
      "x": 7,
      "y": 8,
      "elevation": 3,
      "dest_map": "MAP_LAVARIDGE_TOWN",
      "dest_warp_id": 3
    },
    {
      "x": 1,
      "y": 6,
      "elevation": 4,
      "dest_map": "MAP_LAVARIDGE_TOWN_POKEMON_CENTER_2F",
      "dest_warp_id": 0
    },
    {
      "x": 2,
      "y": 1,
      "elevation": 0,
      "dest_map": "MAP_LAVARIDGE_TOWN",
      "dest_warp_id": 5
    }
  ],
  "coord_events": [
    {
      "type": "trigger",
      "x": 2,
      "y": 2,
      "elevation": 0,
      "var": "VAR_LAVARIDGE_LUCY_STATE",
      "var_value": "0",
      "script": "LavaridgeTown_PokemonCenter_1F_EventScript_LucyTrigger"
    }
  ],
  "bg_events": [

  ]
}
