{
  "id": "MAP_ASHEN_WOODS",
  "name": "AshenWoods",
  "layout": "LAYOUT_ASHEN_WOODS",
  "music": "MUS_PETALBURG_WOODS",
  "region_map_section": "MAPSEC_ASHEN_WOODS",
  "requires_flash": false,
  "weather": "WEATHER_VOLCANIC_ASH",
  "map_type": "MAP_TYPE_ROUTE",
  "allow_cycling": true,
  "allow_escaping": true,
  "allow_running": true,
  "show_map_name": true,
  "battle_scene": "MAP_BATTLE_SCENE_NORMAL",
  "connections": 0,
  "object_events": [
    {
      "graphics_id": "OBJ_EVENT_GFX_HIKER",
      "x": 10,
      "y": 13,
      "elevation": 3,
      "movement_type": "MOVEMENT_TYPE_WALK_UP_AND_DOWN",
      "movement_range_x": 0,
      "movement_range_y": 3,
      "trainer_type": "TRAINER_TYPE_NORMAL",
      "trainer_sight_or_berry_tree_id": "4",
      "script": "AshenWoods_EventScript_Roman",
      "flag": "0"
    },
    {
      "graphics_id": "OBJ_EVENT_GFX_PICNICKER",
      "x": 12,
      "y": 25,
      "elevation": 3,
      "movement_type": "MOVEMENT_TYPE_FACE_UP_LEFT_AND_RIGHT",
      "movement_range_x": 0,
      "movement_range_y": 3,
      "trainer_type": "TRAINER_TYPE_NORMAL",
      "trainer_sight_or_berry_tree_id": "4",
      "script": "AshenWoods_EventScript_Alannah",
      "flag": "0"
    },
    {
      "graphics_id": "OBJ_EVENT_GFX_CAMPER",
      "x": 12,
      "y": 22,
      "elevation": 3,
      "movement_type": "MOVEMENT_TYPE_FACE_DOWN_AND_LEFT",
      "movement_range_x": 0,
      "movement_range_y": 3,
      "trainer_type": "TRAINER_TYPE_NORMAL",
      "trainer_sight_or_berry_tree_id": "3",
      "script": "AshenWoods_EventScript_Martin",
      "flag": "0"
    },
    {
      "graphics_id": "OBJ_EVENT_GFX_MANIAC",
      "x": 6,
      "y": 33,
      "elevation": 3,
      "movement_type": "MOVEMENT_TYPE_WALK_RIGHT_AND_LEFT",
      "movement_range_x": 7,
      "movement_range_y": 0,
      "trainer_type": "TRAINER_TYPE_NORMAL",
      "trainer_sight_or_berry_tree_id": "7",
      "script": "AshenWoods_EventScript_Elmer",
      "flag": "0"
    },
    {
      "graphics_id": "OBJ_EVENT_GFX_COOK",
      "x": 19,
      "y": 39,
      "elevation": 3,
      "movement_type": "MOVEMENT_TYPE_LOOK_AROUND",
      "movement_range_x": 0,
      "movement_range_y": 2,
      "trainer_type": "TRAINER_TYPE_NONE",
      "trainer_sight_or_berry_tree_id": "0",
      "script": "AshenWoods_EventScript_Chef",
      "flag": "0"
    },
    {
      "graphics_id": "OBJ_EVENT_GFX_CHANSEY",
      "x": 14,
      "y": 29,
      "elevation": 3,
      "movement_type": "MOVEMENT_TYPE_LOOK_AROUND",
      "movement_range_x": 0,
      "movement_range_y": 0,
      "trainer_type": "TRAINER_TYPE_NONE",
      "trainer_sight_or_berry_tree_id": "0",
      "script": "AshenWoods_EventScript_Chansey",
      "flag": "FLAG_HIDE_ASHEN_WOODS_CHANSEY"
    },
    {
      "graphics_id": "OBJ_EVENT_GFX_ITEM_BALL",
      "x": 27,
      "y": 43,
      "elevation": 3,
      "movement_type": "MOVEMENT_TYPE_NONE",
      "movement_range_x": 0,
      "movement_range_y": 0,
      "trainer_type": "TRAINER_TYPE_NONE",
      "trainer_sight_or_berry_tree_id": "0",
      "script": "NULL",
      "flag": "FLAG_HIDE_ASHEN_WOODS_POKE_BALL"
    },
    {
      "graphics_id": "OBJ_EVENT_GFX_MAN_5",
      "x": 26,
      "y": 5,
      "elevation": 3,
      "movement_type": "MOVEMENT_TYPE_NONE",
      "movement_range_x": 0,
      "movement_range_y": 0,
      "trainer_type": "TRAINER_TYPE_NONE",
      "trainer_sight_or_berry_tree_id": "0",
      "script": "AshenWoods_EventScript_Typhlosionite_Battle",
      "flag": "0"
    }
  ],
  "warp_events": [
    {
      "x": 23,
      "y": 5,
      "elevation": 0,
      "dest_map": "MAP_EMBER_PATH",
      "dest_warp_id": 1
    }
  ],
  "coord_events": [
    {
      "type": "weather",
      "x": 16,
      "y": 28,
      "elevation": 0,
      "weather": "COORD_EVENT_WEATHER_SHADE"
    },
    {
      "type": "weather",
      "x": 17,
      "y": 28,
      "elevation": 0,
      "weather": "COORD_EVENT_WEATHER_SHADE"
    },
    {
      "type": "weather",
      "x": 20,
      "y": 10,
      "elevation": 0,
      "weather": "COORD_EVENT_WEATHER_VOLCANIC_ASH"
    },
    {
      "type": "weather",
      "x": 24,
      "y": 18,
      "elevation": 0,
      "weather": "COORD_EVENT_WEATHER_VOLCANIC_ASH"
    },
    {
      "type": "weather",
      "x": 10,
      "y": 20,
      "elevation": 0,
      "weather": "COORD_EVENT_WEATHER_SUNNY"
    },
    {
      "type": "weather",
      "x": 11,
      "y": 20,
      "elevation": 0,
      "weather": "COORD_EVENT_WEATHER_SUNNY"
    },
    {
      "type": "weather",
      "x": 16,
      "y": 26,
      "elevation": 0,
      "weather": "COORD_EVENT_WEATHER_SUNNY"
    },
    {
      "type": "weather",
      "x": 17,
      "y": 26,
      "elevation": 0,
      "weather": "COORD_EVENT_WEATHER_SUNNY"
    },
    {
      "type": "trigger",
      "x": 16,
      "y": 28,
      "elevation": 0,
      "var": "VAR_CHANSEY_NURSE_STATE",
      "var_value": "3",
      "script": "AshenWoods_EventScript_ChanseyTrigger"
    },
    {
      "type": "trigger",
      "x": 16,
      "y": 29,
      "elevation": 0,
      "var": "VAR_CHANSEY_NURSE_STATE",
      "var_value": "3",
      "script": "AshenWoods_EventScript_ChanseyTrigger"
    },
    {
      "type": "trigger",
      "x": 16,
      "y": 30,
      "elevation": 0,
      "var": "VAR_CHANSEY_NURSE_STATE",
      "var_value": "3",
      "script": "AshenWoods_EventScript_ChanseyTrigger"
    },
    {
      "type": "trigger",
      "x": 6,
      "y": 36,
      "elevation": 0,
      "var": "VAR_CHANSEY_NURSE_STATE",
      "var_value": "4",
      "script": "AshenWoods_EventScript_ChanseyTrigger2"
    }
  ],
  "bg_events": [

  ]
}
