{
  "id": "MAP_CAVE_OF_ORIGIN_DIANCIES_ROOM",
  "name": "CaveOfOrigin_DianciesRoom",
  "layout": "LAYOUT_CAVE_OF_ORIGIN_DIANCIES_ROOM",
  "music": "HG_SEQ_GS_D_UNKNOWN_ISEKI",
  "region_map_section": "MAPSEC_CAVE_OF_ORIGIN",
  "requires_flash": false,
  "weather": "WEATHER_NONE",
  "map_type": "MAP_TYPE_UNDERGROUND",
  "allow_cycling": true,
  "allow_escaping": true,
  "allow_running": true,
  "show_map_name": true,
  "battle_scene": "MAP_BATTLE_SCENE_NORMAL",
  "connections": 0,
  "object_events": [
    {
      "graphics_id": "OBJ_EVENT_GFX_DIANCIE",
      "x": 9,
      "y": 9,
      "elevation": 3,
      "movement_type": "MOVEMENT_TYPE_NONE",
      "movement_range_x": 0,
      "movement_range_y": 0,
      "trainer_type": "TRAINER_TYPE_NONE",
      "trainer_sight_or_berry_tree_id": "0",
      "script": "CaveOfOrigin_DianciesRoom_EventScript_Diancie",
      "flag": "FLAG_DEFEATED_DIANCIE"
    }
  ],
  "warp_events": [
    {
      "x": 9,
      "y": 6,
      "elevation": 0,
      "dest_map": "MAP_CAVE_OF_ORIGIN_UNUSED_RUBY_SAPPHIRE_MAP3",
      "dest_warp_id": 1
    }
  ],
  "coord_events": [

  ],
  "bg_events": [

  ]
}
