{
  "id": "MAP_MT_PYRE_SUMMIT",
  "name": "MtPyre_Summit",
  "layout": "LAYOUT_MT_PYRE_SUMMIT",
  "music": "MUS_MT_PYRE_EXTERIOR",
  "region_map_section": "MAPSEC_MT_PYRE",
  "requires_flash": false,
  "weather": "WEATHER_FOG_HORIZONTAL",
  "map_type": "MAP_TYPE_ROUTE",
  "allow_cycling": true,
  "allow_escaping": false,
  "allow_running": true,
  "show_map_name": true,
  "battle_scene": "MAP_BATTLE_SCENE_NORMAL",
  "connections": 0,
  "object_events": [
    {
      "graphics_id": "OBJ_EVENT_GFX_OLD_MAN",
      "x": 22,
      "y": 5,
      "elevation": 3,
      "movement_type": "MOVEMENT_TYPE_FACE_DOWN",
      "movement_range_x": 0,
      "movement_range_y": 0,
      "trainer_type": "TRAINER_TYPE_NONE",
      "trainer_sight_or_berry_tree_id": "0",
      "script": "MtPyre_Summit_EventScript_OldMan",
      "flag": "0"
    },
    {
      "graphics_id": "OBJ_EVENT_GFX_ARCHIE",
      "x": 23,
      "y": 6,
      "elevation": 3,
      "movement_type": "MOVEMENT_TYPE_FACE_UP",
      "movement_range_x": 0,
      "movement_range_y": 0,
      "trainer_type": "TRAINER_TYPE_NONE",
      "trainer_sight_or_berry_tree_id": "0",
      "script": "0x0",
      "flag": "FLAG_HIDE_MT_PYRE_SUMMIT_ARCHIE"
    },
    {
      "graphics_id": "OBJ_EVENT_GFX_EXPERT_F",
      "x": 23,
      "y": 5,
      "elevation": 3,
      "movement_type": "MOVEMENT_TYPE_FACE_DOWN",
      "movement_range_x": 0,
      "movement_range_y": 0,
      "trainer_type": "TRAINER_TYPE_NONE",
      "trainer_sight_or_berry_tree_id": "0",
      "script": "MtPyre_Summit_EventScript_OldLady",
      "flag": "0"
    },
    {
      "graphics_id": "OBJ_EVENT_GFX_AQUA_MEMBER_M",
      "x": 21,
      "y": 22,
      "elevation": 3,
      "movement_type": "MOVEMENT_TYPE_WALK_SEQUENCE_UP_RIGHT_LEFT_DOWN",
      "movement_range_x": 1,
      "movement_range_y": 3,
      "trainer_type": "TRAINER_TYPE_NORMAL",
      "trainer_sight_or_berry_tree_id": "3",
      "script": "MtPyre_Summit_EventScript_Grunt1",
      "flag": "FLAG_HIDE_MT_PYRE_SUMMIT_TEAM_AQUA"
    },
    {
      "graphics_id": "OBJ_EVENT_GFX_AQUA_MEMBER_M",
      "x": 24,
      "y": 21,
      "elevation": 3,
      "movement_type": "MOVEMENT_TYPE_WALK_SEQUENCE_RIGHT_DOWN_UP_LEFT",
      "movement_range_x": 1,
      "movement_range_y": 1,
      "trainer_type": "TRAINER_TYPE_NORMAL",
      "trainer_sight_or_berry_tree_id": "3",
      "script": "MtPyre_Summit_EventScript_Grunt2",
      "flag": "FLAG_HIDE_MT_PYRE_SUMMIT_TEAM_AQUA"
    },
    {
      "graphics_id": "OBJ_EVENT_GFX_AQUA_MEMBER_M",
      "x": 20,
      "y": 18,
      "elevation": 3,
      "movement_type": "MOVEMENT_TYPE_FACE_RIGHT",
      "movement_range_x": 0,
      "movement_range_y": 0,
      "trainer_type": "TRAINER_TYPE_NORMAL",
      "trainer_sight_or_berry_tree_id": "5",
      "script": "MtPyre_Summit_EventScript_Grunt3",
      "flag": "FLAG_HIDE_MT_PYRE_SUMMIT_TEAM_AQUA"
    },
    {
      "graphics_id": "OBJ_EVENT_GFX_AQUA_MEMBER_F",
      "x": 26,
      "y": 18,
      "elevation": 3,
      "movement_type": "MOVEMENT_TYPE_FACE_LEFT",
      "movement_range_x": 1,
      "movement_range_y": 1,
      "trainer_type": "TRAINER_TYPE_NORMAL",
      "trainer_sight_or_berry_tree_id": "5",
      "script": "MtPyre_Summit_EventScript_Grunt4",
      "flag": "FLAG_HIDE_MT_PYRE_SUMMIT_TEAM_AQUA"
    },
    {
      "graphics_id": "OBJ_EVENT_GFX_MAXIE",
      "x": 23,
      "y": 6,
      "elevation": 3,
      "movement_type": "MOVEMENT_TYPE_FACE_UP",
      "movement_range_x": 1,
      "movement_range_y": 1,
      "trainer_type": "TRAINER_TYPE_NONE",
      "trainer_sight_or_berry_tree_id": "0",
      "script": "0x0",
      "flag": "FLAG_HIDE_MT_PYRE_SUMMIT_MAXIE"
    },
    {
      "graphics_id": "OBJ_EVENT_GFX_AQUA_MEMBER_M",
      "x": 23,
      "y": 20,
      "elevation": 3,
      "movement_type": "MOVEMENT_TYPE_LOOK_AROUND",
      "movement_range_x": 0,
      "movement_range_y": 0,
      "trainer_type": "TRAINER_TYPE_NORMAL",
      "trainer_sight_or_berry_tree_id": "3",
      "script": "MtPyre_Summit_EventScript_Matt",
      "flag": "FLAG_HIDE_MT_PYRE_SUMMIT_TEAM_AQUA"
    },
    {
      "graphics_id": "OBJ_EVENT_GFX_PUSHABLE_BOULDER",
      "x": 19,
      "y": 29,
      "elevation": 3,
      "movement_type": "MOVEMENT_TYPE_NONE",
      "movement_range_x": 0,
      "movement_range_y": 0,
      "trainer_type": "TRAINER_TYPE_NONE",
      "trainer_sight_or_berry_tree_id": "0",
      "script": "EventScript_StrengthBoulder",
      "flag": "0"
    },
    {
      "graphics_id": "OBJ_EVENT_GFX_PUSHABLE_BOULDER",
      "x": 27,
      "y": 29,
      "elevation": 3,
      "movement_type": "MOVEMENT_TYPE_NONE",
      "movement_range_x": 0,
      "movement_range_y": 0,
      "trainer_type": "TRAINER_TYPE_NONE",
      "trainer_sight_or_berry_tree_id": "0",
      "script": "EventScript_StrengthBoulder",
      "flag": "0"
    },
    {
      "graphics_id": "OBJ_EVENT_GFX_PUSHABLE_BOULDER",
      "x": 33,
      "y": 21,
      "elevation": 3,
      "movement_type": "MOVEMENT_TYPE_NONE",
      "movement_range_x": 0,
      "movement_range_y": 0,
      "trainer_type": "TRAINER_TYPE_NONE",
      "trainer_sight_or_berry_tree_id": "0",
      "script": "EventScript_StrengthBoulder",
      "flag": "0"
    },
    {
      "graphics_id": "OBJ_EVENT_GFX_PUSHABLE_BOULDER",
      "x": 34,
      "y": 22,
      "elevation": 3,
      "movement_type": "MOVEMENT_TYPE_NONE",
      "movement_range_x": 0,
      "movement_range_y": 0,
      "trainer_type": "TRAINER_TYPE_NONE",
      "trainer_sight_or_berry_tree_id": "0",
      "script": "EventScript_StrengthBoulder",
      "flag": "0"
    },
    {
      "graphics_id": "OBJ_EVENT_GFX_PUSHABLE_BOULDER",
      "x": 34,
      "y": 24,
      "elevation": 3,
      "movement_type": "MOVEMENT_TYPE_NONE",
      "movement_range_x": 0,
      "movement_range_y": 0,
      "trainer_type": "TRAINER_TYPE_NONE",
      "trainer_sight_or_berry_tree_id": "0",
      "script": "EventScript_StrengthBoulder",
      "flag": "0"
    }
  ],
  "warp_events": [
    {
      "x": 22,
      "y": 31,
      "elevation": 3,
      "dest_map": "MAP_MT_PYRE_EXTERIOR",
      "dest_warp_id": 1
    },
    {
      "x": 23,
      "y": 31,
      "elevation": 3,
      "dest_map": "MAP_MT_PYRE_EXTERIOR",
      "dest_warp_id": 1
    },
    {
      "x": 24,
      "y": 31,
      "elevation": 3,
      "dest_map": "MAP_MT_PYRE_EXTERIOR",
      "dest_warp_id": 1
    }
  ],
  "coord_events": [
    {
      "type": "trigger",
      "x": 22,
      "y": 7,
      "elevation": 3,
      "var": "VAR_MT_PYRE_STATE",
      "var_value": "0",
      "script": "MtPyre_Summit_EventScript_TeamAquaTrigger0"
    },
    {
      "type": "trigger",
      "x": 23,
      "y": 7,
      "elevation": 3,
      "var": "VAR_MT_PYRE_STATE",
      "var_value": "0",
      "script": "MtPyre_Summit_EventScript_TeamAquaTrigger1"
    },
    {
      "type": "trigger",
      "x": 24,
      "y": 7,
      "elevation": 3,
      "var": "VAR_MT_PYRE_STATE",
      "var_value": "0",
      "script": "MtPyre_Summit_EventScript_TeamAquaTrigger2"
    },
    {
      "type": "trigger",
      "x": 22,
      "y": 9,
      "elevation": 3,
      "var": "VAR_MT_PYRE_STATE",
      "var_value": "2",
      "script": "MtPyre_Summit_EventScript_ArchieMaxieTrigger0"
    },
    {
      "type": "trigger",
      "x": 23,
      "y": 9,
      "elevation": 3,
      "var": "VAR_MT_PYRE_STATE",
      "var_value": "2",
      "script": "MtPyre_Summit_EventScript_ArchieMaxieTrigger1"
    },
    {
      "type": "trigger",
      "x": 24,
      "y": 9,
      "elevation": 3,
      "var": "VAR_MT_PYRE_STATE",
      "var_value": "2",
      "script": "MtPyre_Summit_EventScript_ArchieMaxieTrigger2"
    }
  ],
  "bg_events": [
    {
      "type": "hidden_item",
      "x": 37,
      "y": 7,
      "elevation": 0,
      "item": "ITEM_SPOOKY_PLATE",
      "flag": "FLAG_HIDDEN_ITEM_MT_PYRE_SUMMIT_SPOOKY_PLATE"
    }
  ]
}
