{
  "id": "MAP_METEOR_FALLS_HAXORUS_ROOM",
  "name": "MeteorFalls_HaxorusRoom",
  "layout": "LAYOUT_METEOR_FALLS_HAXORUS_ROOM",
  "music": "MUS_CAVE_OF_ORIGIN",
  "region_map_section": "MAPSEC_METEOR_FALLS",
  "requires_flash": false,
  "weather": "WEATHER_NONE",
  "map_type": "MAP_TYPE_UNDERGROUND",
  "allow_cycling": true,
  "allow_escaping": true,
  "allow_running": true,
  "show_map_name": false,
  "battle_scene": "MAP_BATTLE_SCENE_NORMAL",
  "connections": 0,
  "object_events": [
    {
      "graphics_id": "OBJ_EVENT_GFX_HAXORUS_SHINY",
      "x": 7,
      "y": 6,
      "elevation": 3,
      "movement_type": "MOVEMENT_TYPE_NONE",
      "movement_range_x": 0,
      "movement_range_y": 0,
      "trainer_type": "TRAINER_TYPE_NONE",
      "trainer_sight_or_berry_tree_id": "0",
      "script": "MeteorFalls_HaxorusRoom_EventScript_Haxorus",
      "flag": "FLAG_OBTAINED_METEOR_FALLS_HAXORUS"
    }
  ],
  "warp_events": [
    {
      "x": 7,
      "y": 11,
      "elevation": 0,
      "dest_map": "MAP_METEOR_FALLS_1F_1R",
      "dest_warp_id": 6
    }
  ],
  "coord_events": [

  ],
  "bg_events": [

  ]
}
