{
  "id": "MAP_SEASPRAY_CAVE_B1F",
  "name": "Seaspray_Cave_B1F",
  "layout": "LAYOUT_SEASPRAY_CAVE_B1F",
  "music": "MUS_MT_PYRE",
  "region_map_section": "MAPSEC_SEASPRAY_CAVE",
  "requires_flash": false,
  "weather": "WEATHER_NONE",
  "map_type": "MAP_TYPE_UNDERGROUND",
  "allow_cycling": true,
  "allow_escaping": true,
  "allow_running": true,
  "show_map_name": true,
  "battle_scene": "MAP_BATTLE_SCENE_NORMAL",
  "connections": 0,
  "object_events": [
    {
      "graphics_id": "OBJ_EVENT_GFX_ITEM_BALL",
      "x": 46,
      "y": 15,
      "elevation": 3,
      "movement_type": "MOVEMENT_TYPE_NONE",
      "movement_range_x": 0,
      "movement_range_y": 0,
      "trainer_type": "TRAINER_TYPE_NONE",
      "trainer_sight_or_berry_tree_id": "5",
      "script": "Common_EventScript_GiveItemBallBP",
      "flag": "FLAG_SEASPRAY_CAVE_B1F_KINGS_ROCK"
    },
    {
      "graphics_id": "OBJ_EVENT_GFX_DEWGONG",
      "x": 15,
      "y": 14,
      "elevation": 3,
      "movement_type": "MOVEMENT_TYPE_NONE",
      "movement_range_x": 0,
      "movement_range_y": 0,
      "trainer_type": "TRAINER_TYPE_NONE",
      "trainer_sight_or_berry_tree_id": "0",
      "script": "Seaspray_Cave_B1F_EventScript_Dewgong",
      "flag": "FLAG_OBTAINED_SEASPRAY_CAVE_DEWGONG"
    }
  ],
  "warp_events": [
    {
      "x": 11,
      "y": 3,
      "elevation": 0,
      "dest_map": "MAP_SEASPRAY_CAVE",
      "dest_warp_id": 1
    },
    {
      "x": 33,
      "y": 22,
      "elevation": 0,
      "dest_map": "MAP_SEASPRAY_CAVE",
      "dest_warp_id": 2
    }
  ],
  "coord_events": [

  ],
  "bg_events": [
    {
      "type": "hidden_item",
      "x": 36,
      "y": 6,
      "elevation": 3,
      "item": "ITEM_ICICLE_PLATE",
      "flag": "FLAG_HIDDEN_ITEM_SEASPRAY_CAVE_B1F_ICICLE_PLATE"
    }
  ]
}
