{
  "id": "MAP_CONTEST_HALL_SMART",
  "name": "ContestHallSmart",
  "layout": "LAYOUT_CONTEST_HALL_SMART",
  "music": "MUS_CONTEST",
  "region_map_section": "MAPSEC_DYNAMIC",
  "requires_flash": false,
  "weather": "WEATHER_NONE",
  "map_type": "MAP_TYPE_INDOOR",
  "allow_cycling": false,
  "allow_escaping": false,
  "allow_running": false,
  "show_map_name": false,
  "battle_scene": "MAP_BATTLE_SCENE_NORMAL",
  "connections": 0,
  "shared_events_map": "ContestHall",
  "shared_scripts_map": "ContestHall"
}
