{
  "id": "MAP_MIRAGE_TOWER_3F",
  "name": "MirageTower_3F",
  "layout": "LAYOUT_MIRAGE_TOWER_3F",
  "music": "MUS_MT_CHIMNEY",
  "region_map_section": "MAPSEC_MIRAGE_TOWER",
  "requires_flash": false,
  "weather": "WEATHER_NONE",
  "map_type": "MAP_TYPE_UNDERGROUND",
  "allow_cycling": true,
  "allow_escaping": true,
  "allow_running": true,
  "show_map_name": true,
  "battle_scene": "MAP_BATTLE_SCENE_NORMAL",
  "connections": 0,
  "object_events": [
    {
      "graphics_id": "OBJ_EVENT_GFX_BREAKABLE_ROCK",
      "x": 3,
      "y": 7,
      "elevation": 3,
      "movement_type": "MOVEMENT_TYPE_LOOK_AROUND",
      "movement_range_x": 1,
      "movement_range_y": 1,
      "trainer_type": "TRAINER_TYPE_NONE",
      "trainer_sight_or_berry_tree_id": "0",
      "script": "EventScript_RockSmash",
      "flag": "FLAG_TEMP_11"
    },
    {
      "graphics_id": "OBJ_EVENT_GFX_BREAKABLE_ROCK",
      "x": 4,
      "y": 8,
      "elevation": 3,
      "movement_type": "MOVEMENT_TYPE_LOOK_AROUND",
      "movement_range_x": 1,
      "movement_range_y": 1,
      "trainer_type": "TRAINER_TYPE_NONE",
      "trainer_sight_or_berry_tree_id": "0",
      "script": "EventScript_RockSmash",
      "flag": "FLAG_TEMP_12"
    }
  ],
  "warp_events": [
    {
      "x": 18,
      "y": 12,
      "elevation": 3,
      "dest_map": "MAP_MIRAGE_TOWER_2F",
      "dest_warp_id": 0
    },
    {
      "x": 2,
      "y": 4,
      "elevation": 0,
      "dest_map": "MAP_MIRAGE_TOWER_4F",
      "dest_warp_id": 0
    }
  ],
  "coord_events": [

  ],
  "bg_events": [

  ]
}
