{
  "id": "MAP_SLATEPORT_CITY_NAME_RATERS_HOUSE",
  "name": "SlateportCity_NameRatersHouse",
  "layout": "LAYOUT_HOUSE_WITH_BED",
  "music": "MUS_SLATEPORT",
  "region_map_section": "MAPSEC_SLATEPORT_CITY",
  "requires_flash": false,
  "weather": "WEATHER_NONE",
  "map_type": "MAP_TYPE_INDOOR",
  "allow_cycling": false,
  "allow_escaping": false,
  "allow_running": false,
  "show_map_name": false,
  "battle_scene": "MAP_BATTLE_SCENE_NORMAL",
  "connections": 0,
  "object_events": [

  ],
  "warp_events": [
    {
      "x": 3,
      "y": 7,
      "elevation": 0,
      "dest_map": "MAP_SLATEPORT_CITY",
      "dest_warp_id": 6
    },
    {
      "x": 4,
      "y": 7,
      "elevation": 0,
      "dest_map": "MAP_SLATEPORT_CITY",
      "dest_warp_id": 6
    }
  ],
  "coord_events": [

  ],
  "bg_events": [

  ]
}
