{
  "id": "MAP_SLATEPORT_CITY_OCEANIC_MUSEUM_1F",
  "name": "SlateportCity_OceanicMuseum_1F",
  "layout": "LAYOUT_SLATEPORT_CITY_OCEANIC_MUSEUM_1F",
  "music": "MUS_OCEANIC_MUSEUM",
  "region_map_section": "MAPSEC_SLATEPORT_CITY",
  "requires_flash": false,
  "weather": "WEATHER_NONE",
  "map_type": "MAP_TYPE_INDOOR",
  "allow_cycling": false,
  "allow_escaping": false,
  "allow_running": false,
  "show_map_name": false,
  "battle_scene": "MAP_BATTLE_SCENE_NORMAL",
  "connections": 0,
  "object_events": [
    {
      "graphics_id": "OBJ_EVENT_GFX_BEAUTY",
      "x": 7,
      "y": 7,
      "elevation": 3,
      "movement_type": "MOVEMENT_TYPE_FACE_RIGHT",
      "movement_range_x": 0,
      "movement_range_y": 0,
      "trainer_type": "TRAINER_TYPE_NONE",
      "trainer_sight_or_berry_tree_id": "0",
      "script": "SlateportCity_OceanicMuseum_1F_EventScript_EntranceAttendant",
      "flag": "0"
    },
    {
      "graphics_id": "OBJ_EVENT_GFX_AQUA_MEMBER_M",
      "x": 18,
      "y": 5,
      "elevation": 3,
      "movement_type": "MOVEMENT_TYPE_FACE_UP",
      "movement_range_x": 0,
      "movement_range_y": 0,
      "trainer_type": "TRAINER_TYPE_NONE",
      "trainer_sight_or_berry_tree_id": "0",
      "script": "SlateportCity_OceanicMuseum_1F_EventScript_MuseumGrunt3",
      "flag": "FLAG_HIDE_SLATEPORT_CITY_OCEANIC_MUSEUM_AQUA_GRUNTS"
    },
    {
      "graphics_id": "OBJ_EVENT_GFX_AQUA_MEMBER_M",
      "x": 12,
      "y": 2,
      "elevation": 3,
      "movement_type": "MOVEMENT_TYPE_FACE_UP",
      "movement_range_x": 0,
      "movement_range_y": 0,
      "trainer_type": "TRAINER_TYPE_NONE",
      "trainer_sight_or_berry_tree_id": "0",
      "script": "SlateportCity_OceanicMuseum_1F_EventScript_MuseumGrunt4",
      "flag": "FLAG_HIDE_SLATEPORT_CITY_OCEANIC_MUSEUM_AQUA_GRUNTS"
    },
    {
      "graphics_id": "OBJ_EVENT_GFX_AQUA_MEMBER_M",
      "x": 2,
      "y": 8,
      "elevation": 3,
      "movement_type": "MOVEMENT_TYPE_FACE_UP",
      "movement_range_x": 0,
      "movement_range_y": 0,
      "trainer_type": "TRAINER_TYPE_NONE",
      "trainer_sight_or_berry_tree_id": "0",
      "script": "SlateportCity_OceanicMuseum_1F_EventScript_MuseumGrunt2",
      "flag": "FLAG_HIDE_SLATEPORT_CITY_OCEANIC_MUSEUM_AQUA_GRUNTS"
    },
    {
      "graphics_id": "OBJ_EVENT_GFX_AQUA_MEMBER_F",
      "x": 3,
      "y": 4,
      "elevation": 3,
      "movement_type": "MOVEMENT_TYPE_FACE_LEFT",
      "movement_range_x": 0,
      "movement_range_y": 0,
      "trainer_type": "TRAINER_TYPE_NONE",
      "trainer_sight_or_berry_tree_id": "0",
      "script": "SlateportCity_OceanicMuseum_1F_EventScript_MuseumGrunt1",
      "flag": "FLAG_HIDE_SLATEPORT_CITY_OCEANIC_MUSEUM_AQUA_GRUNTS"
    },
    {
      "graphics_id": "OBJ_EVENT_GFX_AQUA_MEMBER_M",
      "x": 14,
      "y": 4,
      "elevation": 3,
      "movement_type": "MOVEMENT_TYPE_FACE_RIGHT",
      "movement_range_x": 0,
      "movement_range_y": 0,
      "trainer_type": "TRAINER_TYPE_NONE",
      "trainer_sight_or_berry_tree_id": "0",
      "script": "SlateportCity_OceanicMuseum_1F_EventScript_MuseumGrunt5",
      "flag": "FLAG_HIDE_SLATEPORT_CITY_OCEANIC_MUSEUM_AQUA_GRUNTS"
    },
    {
      "graphics_id": "OBJ_EVENT_GFX_BEAUTY",
      "x": 12,
      "y": 7,
      "elevation": 3,
      "movement_type": "MOVEMENT_TYPE_FACE_LEFT",
      "movement_range_x": 0,
      "movement_range_y": 0,
      "trainer_type": "TRAINER_TYPE_NONE",
      "trainer_sight_or_berry_tree_id": "0",
      "script": "SlateportCity_OceanicMuseum_1F_EventScript_EntranceAttendant",
      "flag": "0"
    },
    {
      "graphics_id": "OBJ_EVENT_GFX_AQUA_MEMBER_M",
      "x": 8,
      "y": 3,
      "elevation": 3,
      "movement_type": "MOVEMENT_TYPE_FACE_DOWN",
      "movement_range_x": 0,
      "movement_range_y": 0,
      "trainer_type": "TRAINER_TYPE_NONE",
      "trainer_sight_or_berry_tree_id": "0",
      "script": "SlateportCity_OceanicMuseum_1F_EventScript_MuseumGrunt6",
      "flag": "FLAG_HIDE_SLATEPORT_CITY_OCEANIC_MUSEUM_AQUA_GRUNTS"
    },
    {
      "graphics_id": "OBJ_EVENT_GFX_WOMAN_5",
      "x": 4,
      "y": 2,
      "elevation": 3,
      "movement_type": "MOVEMENT_TYPE_LOOK_AROUND",
      "movement_range_x": 1,
      "movement_range_y": 1,
      "trainer_type": "TRAINER_TYPE_NONE",
      "trainer_sight_or_berry_tree_id": "0",
      "script": "SlateportCity_OceanicMuseum_1F_EventScript_MuseumPatron1",
      "flag": "FLAG_HIDE_SLATEPORT_MUSEUM_POPULATION"
    },
    {
      "graphics_id": "OBJ_EVENT_GFX_MANIAC",
      "x": 10,
      "y": 2,
      "elevation": 3,
      "movement_type": "MOVEMENT_TYPE_FACE_UP",
      "movement_range_x": 1,
      "movement_range_y": 1,
      "trainer_type": "TRAINER_TYPE_NONE",
      "trainer_sight_or_berry_tree_id": "0",
      "script": "SlateportCity_OceanicMuseum_1F_EventScript_MuseumPatron2",
      "flag": "FLAG_HIDE_SLATEPORT_MUSEUM_POPULATION"
    },
    {
      "graphics_id": "OBJ_EVENT_GFX_POKEFAN_M",
      "x": 17,
      "y": 7,
      "elevation": 3,
      "movement_type": "MOVEMENT_TYPE_FACE_RIGHT",
      "movement_range_x": 1,
      "movement_range_y": 1,
      "trainer_type": "TRAINER_TYPE_NONE",
      "trainer_sight_or_berry_tree_id": "0",
      "script": "SlateportCity_OceanicMuseum_1F_EventScript_MuseumPatron3",
      "flag": "FLAG_HIDE_SLATEPORT_MUSEUM_POPULATION"
    },
    {
      "graphics_id": "OBJ_EVENT_GFX_LITTLE_GIRL",
      "x": 18,
      "y": 8,
      "elevation": 3,
      "movement_type": "MOVEMENT_TYPE_FACE_UP",
      "movement_range_x": 1,
      "movement_range_y": 1,
      "trainer_type": "TRAINER_TYPE_NONE",
      "trainer_sight_or_berry_tree_id": "0",
      "script": "SlateportCity_OceanicMuseum_1F_EventScript_MuseumPatron4",
      "flag": "FLAG_HIDE_SLATEPORT_MUSEUM_POPULATION"
    },
    {
      "graphics_id": "OBJ_EVENT_GFX_AQUA_MEMBER_M",
      "x": 9,
      "y": 4,
      "elevation": 3,
      "movement_type": "MOVEMENT_TYPE_FACE_UP_LEFT_AND_RIGHT",
      "movement_range_x": 1,
      "movement_range_y": 1,
      "trainer_type": "TRAINER_TYPE_NONE",
      "trainer_sight_or_berry_tree_id": "0",
      "script": "SlateportCity_OceanicMuseum_1F_EventScript_FamiliarGrunt",
      "flag": "FLAG_HIDE_SLATEPORT_CITY_OCEANIC_MUSEUM_FAMILIAR_AQUA_GRUNT"
    },
    {
      "graphics_id": "OBJ_EVENT_GFX_REPORTER_M",
      "x": 7,
      "y": 4,
      "elevation": 3,
      "movement_type": "MOVEMENT_TYPE_LOOK_AROUND",
      "movement_range_x": 1,
      "movement_range_y": 1,
      "trainer_type": "TRAINER_TYPE_NONE",
      "trainer_sight_or_berry_tree_id": "0",
      "script": "SlateportCity_OceanicMuseum_1F_EventScript_Reporter",
      "flag": "FLAG_HIDE_SLATEPORT_MUSEUM_POPULATION"
    }
  ],
  "warp_events": [
    {
      "x": 9,
      "y": 8,
      "elevation": 0,
      "dest_map": "MAP_SLATEPORT_CITY",
      "dest_warp_id": 5
    },
    {
      "x": 10,
      "y": 8,
      "elevation": 0,
      "dest_map": "MAP_SLATEPORT_CITY",
      "dest_warp_id": 7
    },
    {
      "x": 6,
      "y": 1,
      "elevation": 0,
      "dest_map": "MAP_SLATEPORT_CITY_OCEANIC_MUSEUM_2F",
      "dest_warp_id": 0
    }
  ],
  "coord_events": [
    {
      "type": "trigger",
      "x": 9,
      "y": 7,
      "elevation": 3,
      "var": "VAR_SLATEPORT_MUSEUM_1F_STATE",
      "var_value": "0",
      "script": "SlateportCity_OceanicMuseum_1F_EventScript_PayEntranceFeeLeft"
    },
    {
      "type": "trigger",
      "x": 10,
      "y": 7,
      "elevation": 3,
      "var": "VAR_SLATEPORT_MUSEUM_1F_STATE",
      "var_value": "0",
      "script": "SlateportCity_OceanicMuseum_1F_EventScript_PayEntranceFeeRight"
    }
  ],
  "bg_events": [
    {
      "type": "sign",
      "x": 2,
      "y": 7,
      "elevation": 0,
      "player_facing_dir": "BG_EVENT_PLAYER_FACING_ANY",
      "script": "SlateportCity_OceanicMuseum_1F_EventScript_WhirlpoolExperiment"
    },
    {
      "type": "sign",
      "x": 2,
      "y": 4,
      "elevation": 0,
      "player_facing_dir": "BG_EVENT_PLAYER_FACING_ANY",
      "script": "SlateportCity_OceanicMuseum_1F_EventScript_WaterfallExperiment"
    },
    {
      "type": "sign",
      "x": 9,
      "y": 1,
      "elevation": 0,
      "player_facing_dir": "BG_EVENT_PLAYER_FACING_ANY",
      "script": "SlateportCity_OceanicMuseum_1F_EventScript_OceanSoilDisplay"
    },
    {
      "type": "sign",
      "x": 12,
      "y": 1,
      "elevation": 0,
      "player_facing_dir": "BG_EVENT_PLAYER_FACING_ANY",
      "script": "SlateportCity_OceanicMuseum_1F_EventScript_BeachSandDisplay"
    },
    {
      "type": "sign",
      "x": 10,
      "y": 1,
      "elevation": 0,
      "player_facing_dir": "BG_EVENT_PLAYER_FACING_ANY",
      "script": "SlateportCity_OceanicMuseum_1F_EventScript_OceanSoilDisplay"
    },
    {
      "type": "sign",
      "x": 13,
      "y": 1,
      "elevation": 0,
      "player_facing_dir": "BG_EVENT_PLAYER_FACING_ANY",
      "script": "SlateportCity_OceanicMuseum_1F_EventScript_BeachSandDisplay"
    },
    {
      "type": "sign",
      "x": 15,
      "y": 4,
      "elevation": 0,
      "player_facing_dir": "BG_EVENT_PLAYER_FACING_ANY",
      "script": "SlateportCity_OceanicMuseum_1F_EventScript_OceanicMinifact1"
    },
    {
      "type": "sign",
      "x": 18,
      "y": 4,
      "elevation": 0,
      "player_facing_dir": "BG_EVENT_PLAYER_FACING_ANY",
      "script": "SlateportCity_OceanicMuseum_1F_EventScript_OceanicMinifact2"
    },
    {
      "type": "sign",
      "x": 18,
      "y": 7,
      "elevation": 0,
      "player_facing_dir": "BG_EVENT_PLAYER_FACING_ANY",
      "script": "SlateportCity_OceanicMuseum_1F_EventScript_OceanicMinifact3"
    },
    {
      "type": "sign",
      "x": 2,
      "y": 1,
      "elevation": 0,
      "player_facing_dir": "BG_EVENT_PLAYER_FACING_ANY",
      "script": "SlateportCity_OceanicMuseum_1F_EventScript_FossilDisplay"
    },
    {
      "type": "sign",
      "x": 3,
      "y": 1,
      "elevation": 0,
      "player_facing_dir": "BG_EVENT_PLAYER_FACING_ANY",
      "script": "SlateportCity_OceanicMuseum_1F_EventScript_FossilDisplay"
    },
    {
      "type": "sign",
      "x": 16,
      "y": 1,
      "elevation": 0,
      "player_facing_dir": "BG_EVENT_PLAYER_FACING_ANY",
      "script": "SlateportCity_OceanicMuseum_1F_EventScript_DepthMeasuringMachine"
    },
    {
      "type": "sign",
      "x": 17,
      "y": 1,
      "elevation": 0,
      "player_facing_dir": "BG_EVENT_PLAYER_FACING_ANY",
      "script": "SlateportCity_OceanicMuseum_1F_EventScript_DepthMeasuringMachine"
    }
  ]
}
