{
  "id": "MAP_PETALBURG_WOODS_2",
  "name": "PetalburgWoods_2",
  "layout": "LAYOUT_PETALBURG_WOODS_2",
  "music": "MUS_PETALBURG_WOODS",
  "region_map_section": "MAPSEC_PETALBURG_WOODS",
  "requires_flash": false,
  "weather": "WEATHER_SHADE",
  "map_type": "MAP_TYPE_ROUTE",
  "allow_cycling": false,
  "allow_escaping": false,
  "allow_running": true,
  "show_map_name": false,
  "battle_scene": "MAP_BATTLE_SCENE_NORMAL",
  "connections": [
    {
      "direction": "up",
      "offset": 20,
      "map": "MAP_PETALBURG_WOODS_BRELOOM_ROOM"
    }
  ],
  "object_events": [
    {
      "graphics_id": "OBJ_EVENT_GFX_CUTTABLE_TREE",
      "x": 27,
      "y": 5,
      "elevation": 3,
      "movement_type": "MOVEMENT_TYPE_LOOK_AROUND",
      "movement_range_x": 0,
      "movement_range_y": 0,
      "trainer_type": "0",
      "trainer_sight_or_berry_tree_id": "0",
      "script": "EventScript_CutTree",
      "flag": "FLAG_TEMP_11"
    },
    {
      "graphics_id": "OBJ_EVENT_GFX_CUTTABLE_TREE",
      "x": 25,
      "y": 7,
      "elevation": 3,
      "movement_type": "MOVEMENT_TYPE_LOOK_AROUND",
      "movement_range_x": 0,
      "movement_range_y": 0,
      "trainer_type": "0",
      "trainer_sight_or_berry_tree_id": "0",
      "script": "EventScript_CutTree",
      "flag": "FLAG_TEMP_12"
    },
    {
      "graphics_id": "OBJ_EVENT_GFX_CUTTABLE_TREE",
      "x": 26,
      "y": 6,
      "elevation": 3,
      "movement_type": "MOVEMENT_TYPE_LOOK_AROUND",
      "movement_range_x": 0,
      "movement_range_y": 0,
      "trainer_type": "0",
      "trainer_sight_or_berry_tree_id": "0",
      "script": "EventScript_CutTree",
      "flag": "FLAG_TEMP_13"
    },
    {
      "graphics_id": "OBJ_EVENT_GFX_CUTTABLE_TREE",
      "x": 45,
      "y": 19,
      "elevation": 3,
      "movement_type": "MOVEMENT_TYPE_LOOK_AROUND",
      "movement_range_x": 0,
      "movement_range_y": 0,
      "trainer_type": "0",
      "trainer_sight_or_berry_tree_id": "0",
      "script": "EventScript_CutTree",
      "flag": "FLAG_TEMP_14"
    },
    {
      "graphics_id": "OBJ_EVENT_GFX_CUTTABLE_TREE",
      "x": 32,
      "y": 5,
      "elevation": 3,
      "movement_type": "MOVEMENT_TYPE_NONE",
      "movement_range_x": 0,
      "movement_range_y": 0,
      "trainer_type": "0",
      "trainer_sight_or_berry_tree_id": "0",
      "script": "EventScript_CutTree",
      "flag": "FLAG_TEMP_8"
    },
    {
      "graphics_id": "OBJ_EVENT_GFX_CUTTABLE_TREE",
      "x": 33,
      "y": 4,
      "elevation": 3,
      "movement_type": "MOVEMENT_TYPE_NONE",
      "movement_range_x": 0,
      "movement_range_y": 0,
      "trainer_type": "0",
      "trainer_sight_or_berry_tree_id": "0",
      "script": "EventScript_CutTree",
      "flag": "FLAG_TEMP_9"
    },
    {
      "graphics_id": "OBJ_EVENT_GFX_CUTTABLE_TREE",
      "x": 31,
      "y": 6,
      "elevation": 3,
      "movement_type": "MOVEMENT_TYPE_NONE",
      "movement_range_x": 0,
      "movement_range_y": 0,
      "trainer_type": "0",
      "trainer_sight_or_berry_tree_id": "0",
      "script": "EventScript_CutTree",
      "flag": "FLAG_TEMP_7"
    }
  ],
  "warp_events": [
    {
      "x": 4,
      "y": 34,
      "elevation": 0,
      "dest_map": "MAP_PETALBURG_WOODS",
      "dest_warp_id": 6
    },
    {
      "x": 5,
      "y": 34,
      "elevation": 0,
      "dest_map": "MAP_PETALBURG_WOODS",
      "dest_warp_id": 7
    },
    {
      "x": 42,
      "y": 34,
      "elevation": 0,
      "dest_map": "MAP_PETALBURG_WOODS_3",
      "dest_warp_id": 0
    },
    {
      "x": 43,
      "y": 34,
      "elevation": 0,
      "dest_map": "MAP_PETALBURG_WOODS_3",
      "dest_warp_id": 1
    }
  ],
  "coord_events": [

  ],
  "bg_events": [

  ],
  "allow_bike": "",
  "allow_escape_rope": ""
}
