{
  "id": "MAP_SEASPRAY_CAVE",
  "name": "Seaspray_Cave",
  "layout": "LAYOUT_SEASPRAY_CAVE",
  "music": "MUS_MT_PYRE",
  "region_map_section": "MAPSEC_SEASPRAY_CAVE",
  "requires_flash": false,
  "weather": "WEATHER_NONE",
  "map_type": "MAP_TYPE_UNDERGROUND",
  "allow_cycling": true,
  "allow_escaping": true,
  "allow_running": true,
  "show_map_name": true,
  "battle_scene": "MAP_BATTLE_SCENE_NORMAL",
  "connections": 0,
  "object_events": [
    {
      "graphics_id": "OBJ_EVENT_GFX_BREAKABLE_ROCK",
      "x": 5,
      "y": 30,
      "elevation": 3,
      "movement_type": "MOVEMENT_TYPE_FACE_DOWN",
      "movement_range_x": 0,
      "movement_range_y": 0,
      "trainer_type": "0",
      "trainer_sight_or_berry_tree_id": "0",
      "script": "EventScript_RockSmash",
      "flag": "FLAG_TEMP_13"
    },
    {
      "graphics_id": "OBJ_EVENT_GFX_BREAKABLE_ROCK",
      "x": 25,
      "y": 31,
      "elevation": 3,
      "movement_type": "MOVEMENT_TYPE_FACE_DOWN",
      "movement_range_x": 0,
      "movement_range_y": 0,
      "trainer_type": "0",
      "trainer_sight_or_berry_tree_id": "0",
      "script": "EventScript_RockSmash",
      "flag": "FLAG_TEMP_11"
    },
    {
      "graphics_id": "OBJ_EVENT_GFX_BREAKABLE_ROCK",
      "x": 7,
      "y": 27,
      "elevation": 3,
      "movement_type": "MOVEMENT_TYPE_FACE_DOWN",
      "movement_range_x": 0,
      "movement_range_y": 0,
      "trainer_type": "0",
      "trainer_sight_or_berry_tree_id": "0",
      "script": "EventScript_RockSmash",
      "flag": "FLAG_TEMP_12"
    }
  ],
  "warp_events": [
    {
      "x": 9,
      "y": 34,
      "elevation": 3,
      "dest_map": "MAP_ROUTE115",
      "dest_warp_id": 3
    },
    {
      "x": 10,
      "y": 10,
      "elevation": 3,
      "dest_map": "MAP_SEASPRAY_CAVE_B1F",
      "dest_warp_id": 0
    },
    {
      "x": 31,
      "y": 29,
      "elevation": 0,
      "dest_map": "MAP_SEASPRAY_CAVE_B1F",
      "dest_warp_id": 1
    }
  ],
  "coord_events": [

  ],
  "bg_events": [

  ],
  "allow_bike": "",
  "allow_escape_rope": ""
}
