{
  "id": "MAP_GRANITE_CAVE_B1F",
  "name": "GraniteCave_B1F",
  "layout": "LAYOUT_GRANITE_CAVE_B1F",
  "music": "MUS_PETALBURG_WOODS",
  "region_map_section": "MAPSEC_GRANITE_CAVE",
  "requires_flash": false,
  "weather": "WEATHER_NONE",
  "map_type": "MAP_TYPE_UNDERGROUND",
  "allow_cycling": true,
  "allow_escaping": true,
  "allow_running": true,
  "show_map_name": true,
  "battle_scene": "MAP_BATTLE_SCENE_NORMAL",
  "connections": 0,
  "object_events": [

  ],
  "warp_events": [
    {
      "x": 25,
      "y": 13,
      "elevation": 3,
      "dest_map": "MAP_GRANITE_CAVE_1F",
      "dest_warp_id": 1
    },
    {
      "x": 4,
      "y": 21,
      "elevation": 3,
      "dest_map": "MAP_GRANITE_CAVE_1F",
      "dest_warp_id": 2
    },
    {
      "x": 29,
      "y": 13,
      "elevation": 3,
      "dest_map": "MAP_GRANITE_CAVE_B2F",
      "dest_warp_id": 0
    },
    {
      "x": 28,
      "y": 21,
      "elevation": 3,
      "dest_map": "MAP_GRANITE_CAVE_B2F",
      "dest_warp_id": 1
    },
    {
      "x": 8,
      "y": 5,
      "elevation": 3,
      "dest_map": "MAP_GRANITE_CAVE_B2F",
      "dest_warp_id": 2
    },
    {
      "x": 12,
      "y": 3,
      "elevation": 3,
      "dest_map": "MAP_GRANITE_CAVE_B2F",
      "dest_warp_id": 3
    },
    {
      "x": 29,
      "y": 2,
      "elevation": 3,
      "dest_map": "MAP_GRANITE_CAVE_B2F",
      "dest_warp_id": 4
    }
  ],
  "coord_events": [

  ],
  "bg_events": [

  ]
}
