{
  "id": "MAP_AQUA_HIDEOUT_B1F",
  "name": "AquaHideout_B1F",
  "layout": "LAYOUT_AQUA_HIDEOUT_B1F",
  "music": "MUS_AQUA_MAGMA_HIDEOUT",
  "region_map_section": "MAPSEC_AQUA_HIDEOUT",
  "requires_flash": false,
  "weather": "WEATHER_NONE",
  "map_type": "MAP_TYPE_INDOOR",
  "allow_cycling": false,
  "allow_escaping": false,
  "allow_running": false,
  "show_map_name": true,
  "battle_scene": "MAP_BATTLE_SCENE_AQUA",
  "connections": 0,
  "object_events": [
    {
      "graphics_id": "OBJ_EVENT_GFX_AQUA_MEMBER_M",
      "x": 20,
      "y": 18,
      "elevation": 3,
      "movement_type": "MOVEMENT_TYPE_FACE_DOWN",
      "movement_range_x": 0,
      "movement_range_y": 0,
      "trainer_type": "TRAINER_TYPE_NORMAL",
      "trainer_sight_or_berry_tree_id": "4",
      "script": "AquaHideout_B1F_EventScript_Grunt2",
      "flag": "FLAG_HIDE_AQUA_HIDEOUT_GRUNTS"
    },
    {
      "graphics_id": "OBJ_EVENT_GFX_AQUA_MEMBER_M",
      "x": 26,
      "y": 19,
      "elevation": 3,
      "movement_type": "MOVEMENT_TYPE_FACE_DOWN",
      "movement_range_x": 0,
      "movement_range_y": 0,
      "trainer_type": "TRAINER_TYPE_NORMAL",
      "trainer_sight_or_berry_tree_id": "5",
      "script": "AquaHideout_B1F_EventScript_Grunt3",
      "flag": "FLAG_HIDE_AQUA_HIDEOUT_GRUNTS"
    },
    {
      "graphics_id": "OBJ_EVENT_GFX_AQUA_MEMBER_F",
      "x": 23,
      "y": 19,
      "elevation": 3,
      "movement_type": "MOVEMENT_TYPE_FACE_UP",
      "movement_range_x": 4,
      "movement_range_y": 0,
      "trainer_type": "TRAINER_TYPE_NORMAL",
      "trainer_sight_or_berry_tree_id": "3",
      "script": "AquaHideout_B1F_EventScript_Grunt5",
      "flag": "FLAG_HIDE_AQUA_HIDEOUT_GRUNTS"
    },
    {
      "graphics_id": "OBJ_EVENT_GFX_AQUA_MEMBER_F",
      "x": 20,
      "y": 17,
      "elevation": 3,
      "movement_type": "MOVEMENT_TYPE_FACE_UP",
      "movement_range_x": 1,
      "movement_range_y": 1,
      "trainer_type": "TRAINER_TYPE_NORMAL",
      "trainer_sight_or_berry_tree_id": "4",
      "script": "AquaHideout_B1F_EventScript_Grunt7",
      "flag": "FLAG_HIDE_AQUA_HIDEOUT_GRUNTS"
    }
  ],
  "warp_events": [
    {
      "x": 29,
      "y": 1,
      "elevation": 3,
      "dest_map": "MAP_AQUA_HIDEOUT_1F",
      "dest_warp_id": 2
    },
    {
      "x": 18,
      "y": 1,
      "elevation": 3,
      "dest_map": "MAP_AQUA_HIDEOUT_B2F",
      "dest_warp_id": 0
    },
    {
      "x": 12,
      "y": 1,
      "elevation": 3,
      "dest_map": "MAP_AQUA_HIDEOUT_B2F",
      "dest_warp_id": 1
    },
    {
      "x": 3,
      "y": 3,
      "elevation": 3,
      "dest_map": "MAP_AQUA_HIDEOUT_B2F",
      "dest_warp_id": 2
    },
    {
      "x": 31,
      "y": 4,
      "elevation": 3,
      "dest_map": "MAP_AQUA_HIDEOUT_B1F",
      "dest_warp_id": 7
    },
    {
      "x": 27,
      "y": 4,
      "elevation": 3,
      "dest_map": "MAP_AQUA_HIDEOUT_B1F",
      "dest_warp_id": 8
    },
    {
      "x": 20,
      "y": 4,
      "elevation": 3,
      "dest_map": "MAP_AQUA_HIDEOUT_B1F",
      "dest_warp_id": 10
    },
    {
      "x": 27,
      "y": 12,
      "elevation": 3,
      "dest_map": "MAP_AQUA_HIDEOUT_B1F",
      "dest_warp_id": 4
    },
    {
      "x": 3,
      "y": 15,
      "elevation": 3,
      "dest_map": "MAP_AQUA_HIDEOUT_B1F",
      "dest_warp_id": 5
    },
    {
      "x": 3,
      "y": 20,
      "elevation": 3,
      "dest_map": "MAP_AQUA_HIDEOUT_B1F",
      "dest_warp_id": 12
    },
    {
      "x": 32,
      "y": 19,
      "elevation": 3,
      "dest_map": "MAP_AQUA_HIDEOUT_B1F",
      "dest_warp_id": 6
    },
    {
      "x": 23,
      "y": 10,
      "elevation": 3,
      "dest_map": "MAP_AQUA_HIDEOUT_B1F",
      "dest_warp_id": 22
    },
    {
      "x": 45,
      "y": 3,
      "elevation": 3,
      "dest_map": "MAP_AQUA_HIDEOUT_B1F",
      "dest_warp_id": 9
    },
    {
      "x": 42,
      "y": 5,
      "elevation": 3,
      "dest_map": "MAP_AQUA_HIDEOUT_B1F",
      "dest_warp_id": 18
    },
    {
      "x": 45,
      "y": 5,
      "elevation": 3,
      "dest_map": "MAP_AQUA_HIDEOUT_B1F",
      "dest_warp_id": 12
    },
    {
      "x": 48,
      "y": 5,
      "elevation": 3,
      "dest_map": "MAP_AQUA_HIDEOUT_B1F",
      "dest_warp_id": 16
    },
    {
      "x": 42,
      "y": 9,
      "elevation": 3,
      "dest_map": "MAP_AQUA_HIDEOUT_B1F",
      "dest_warp_id": 15
    },
    {
      "x": 45,
      "y": 9,
      "elevation": 3,
      "dest_map": "MAP_AQUA_HIDEOUT_B1F",
      "dest_warp_id": 20
    },
    {
      "x": 48,
      "y": 9,
      "elevation": 3,
      "dest_map": "MAP_AQUA_HIDEOUT_B1F",
      "dest_warp_id": 13
    },
    {
      "x": 42,
      "y": 13,
      "elevation": 3,
      "dest_map": "MAP_AQUA_HIDEOUT_B1F",
      "dest_warp_id": 24
    },
    {
      "x": 45,
      "y": 13,
      "elevation": 3,
      "dest_map": "MAP_AQUA_HIDEOUT_B1F",
      "dest_warp_id": 17
    },
    {
      "x": 48,
      "y": 13,
      "elevation": 3,
      "dest_map": "MAP_AQUA_HIDEOUT_B1F",
      "dest_warp_id": 12
    },
    {
      "x": 42,
      "y": 17,
      "elevation": 3,
      "dest_map": "MAP_AQUA_HIDEOUT_B1F",
      "dest_warp_id": 11
    },
    {
      "x": 45,
      "y": 17,
      "elevation": 3,
      "dest_map": "MAP_AQUA_HIDEOUT_B1F",
      "dest_warp_id": 17
    },
    {
      "x": 48,
      "y": 17,
      "elevation": 3,
      "dest_map": "MAP_AQUA_HIDEOUT_B1F",
      "dest_warp_id": 19
    }
  ],
  "coord_events": [

  ],
  "bg_events": [
    {
      "type": "hidden_item",
      "x": 10,
      "y": 9,
      "elevation": 3,
      "item": "ITEM_BOTTLE_CAP",
      "flag": "FLAG_HIDDEN_ITEM_AQUA_HIDEOUT_B1F_BOTTLE_CAP1"
    }
  ]
}
