{
  "id": "MAP_MT_PYRE_3F",
  "name": "MtPyre_3F",
  "layout": "LAYOUT_MT_PYRE_3F",
  "music": "MUS_MT_PYRE",
  "region_map_section": "MAPSEC_MT_PYRE",
  "requires_flash": false,
  "weather": "WEATHER_NONE",
  "map_type": "MAP_TYPE_INDOOR",
  "allow_cycling": false,
  "allow_escaping": false,
  "allow_running": false,
  "show_map_name": true,
  "battle_scene": "MAP_BATTLE_SCENE_NORMAL",
  "connections": 0,
  "object_events": [
    {
      "graphics_id": "OBJ_EVENT_GFX_PSYCHIC_M",
      "x": 0,
      "y": 4,
      "elevation": 3,
      "movement_type": "MOVEMENT_TYPE_FACE_RIGHT",
      "movement_range_x": 1,
      "movement_range_y": 1,
      "trainer_type": "TRAINER_TYPE_NORMAL",
      "trainer_sight_or_berry_tree_id": "4",
      "script": "MtPyre_3F_EventScript_William",
      "flag": "0"
    },
    {
      "graphics_id": "OBJ_EVENT_GFX_LASS",
      "x": 12,
      "y": 4,
      "elevation": 3,
      "movement_type": "MOVEMENT_TYPE_FACE_LEFT",
      "movement_range_x": 1,
      "movement_range_y": 1,
      "trainer_type": "TRAINER_TYPE_NORMAL",
      "trainer_sight_or_berry_tree_id": "4",
      "script": "MtPyre_3F_EventScript_Kayla",
      "flag": "0"
    },
    {
      "graphics_id": "OBJ_EVENT_GFX_WOMAN_2",
      "x": 6,
      "y": 4,
      "elevation": 3,
      "movement_type": "MOVEMENT_TYPE_FACE_LEFT_AND_RIGHT",
      "movement_range_x": 1,
      "movement_range_y": 1,
      "trainer_type": "TRAINER_TYPE_NORMAL",
      "trainer_sight_or_berry_tree_id": "4",
      "script": "MtPyre_3F_EventScript_Gabrielle",
      "flag": "0"
    }
  ],
  "warp_events": [
    {
      "x": 10,
      "y": 1,
      "elevation": 3,
      "dest_map": "MAP_MT_PYRE_2F",
      "dest_warp_id": 1
    },
    {
      "x": 2,
      "y": 1,
      "elevation": 3,
      "dest_map": "MAP_MT_PYRE_4F",
      "dest_warp_id": 1
    },
    {
      "x": 9,
      "y": 10,
      "elevation": 3,
      "dest_map": "MAP_MT_PYRE_4F",
      "dest_warp_id": 4
    },
    {
      "x": 1,
      "y": 12,
      "elevation": 3,
      "dest_map": "MAP_MT_PYRE_4F",
      "dest_warp_id": 5
    },
    {
      "x": 10,
      "y": 12,
      "elevation": 3,
      "dest_map": "MAP_MT_PYRE_2F",
      "dest_warp_id": 2
    },
    {
      "x": 6,
      "y": 12,
      "elevation": 3,
      "dest_map": "MAP_MT_PYRE_2F",
      "dest_warp_id": 3
    }
  ],
  "coord_events": [

  ],
  "bg_events": [

  ]
}
