{
  "id": "MAP_SOOTOPOLIS_CITY_HOUSE6",
  "name": "SootopolisCity_House6",
  "layout": "LAYOUT_SOOTOPOLIS_CITY_HOUSE3",
  "music": "MUS_SOOTOPOLIS",
  "region_map_section": "MAPSEC_SOOTOPOLIS_CITY",
  "requires_flash": false,
  "weather": "WEATHER_NONE",
  "map_type": "MAP_TYPE_INDOOR",
  "allow_cycling": false,
  "allow_escaping": false,
  "allow_running": false,
  "show_map_name": false,
  "battle_scene": "MAP_BATTLE_SCENE_NORMAL",
  "connections": null,
  "object_events": [
    {
      "graphics_id": "OBJ_EVENT_GFX_WOMAN_2",
      "x": 4,
      "y": 3,
      "elevation": 3,
      "movement_type": "MOVEMENT_TYPE_WANDER_AROUND",
      "movement_range_x": 1,
      "movement_range_y": 1,
      "trainer_type": "TRAINER_TYPE_NONE",
      "trainer_sight_or_berry_tree_id": "0",
      "script": "SootopolisCity_House6_EventScript_Woman",
      "flag": "0"
    }
  ],
  "warp_events": [
    {
      "x": 3,
      "y": 6,
      "elevation": 0,
      "dest_map": "MAP_SOOTOPOLIS_CITY",
      "dest_warp_id": 9
    },
    {
      "x": 4,
      "y": 6,
      "elevation": 0,
      "dest_map": "MAP_SOOTOPOLIS_CITY",
      "dest_warp_id": 9
    }
  ],
  "coord_events": [],
  "bg_events": []
}
