{
  "id": "MAP_PETALBURG_WOODS_3",
  "name": "PetalburgWoods_3",
  "layout": "LAYOUT_PETALBURG_WOODS_3",
  "music": "MUS_PETALBURG_WOODS",
  "region_map_section": "MAPSEC_PETALBURG_WOODS",
  "requires_flash": false,
  "weather": "WEATHER_SHADE",
  "map_type": "MAP_TYPE_ROUTE",
  "allow_cycling": false,
  "allow_escaping": false,
  "allow_running": true,
  "show_map_name": true,
  "battle_scene": "MAP_BATTLE_SCENE_NORMAL",
  "connections": 0,
  "object_events": [
    {
      "graphics_id": "OBJ_EVENT_GFX_CUTTABLE_TREE",
      "x": 32,
      "y": 22,
      "elevation": 3,
      "movement_type": "MOVEMENT_TYPE_LOOK_AROUND",
      "movement_range_x": 0,
      "movement_range_y": 0,
      "trainer_type": "0",
      "trainer_sight_or_berry_tree_id": "0",
      "script": "EventScript_CutTree",
      "flag": "FLAG_TEMP_11"
    },
    {
      "graphics_id": "OBJ_EVENT_GFX_CUTTABLE_TREE",
      "x": 32,
      "y": 23,
      "elevation": 3,
      "movement_type": "MOVEMENT_TYPE_LOOK_AROUND",
      "movement_range_x": 0,
      "movement_range_y": 0,
      "trainer_type": "0",
      "trainer_sight_or_berry_tree_id": "0",
      "script": "EventScript_CutTree",
      "flag": "FLAG_TEMP_12"
    },
    {
      "graphics_id": "OBJ_EVENT_GFX_BANEFUL",
      "x": 30,
      "y": 20,
      "elevation": 3,
      "movement_type": "MOVEMENT_TYPE_NONE",
      "movement_range_x": 0,
      "movement_range_y": 0,
      "trainer_type": "TRAINER_TYPE_NONE",
      "trainer_sight_or_berry_tree_id": "0",
      "script": "PetalburgWoods3_EventScript_PrimalCascoon_Battle",
      "flag": "0"
    }
  ],
  "warp_events": [
    {
      "x": 8,
      "y": 7,
      "elevation": 0,
      "dest_map": "MAP_PETALBURG_WOODS_2",
      "dest_warp_id": 2
    },
    {
      "x": 9,
      "y": 7,
      "elevation": 0,
      "dest_map": "MAP_PETALBURG_WOODS_2",
      "dest_warp_id": 3
    },
    {
      "x": 7,
      "y": 21,
      "elevation": 0,
      "dest_map": "MAP_PETALBURG_WOODS_3",
      "dest_warp_id": 5
    },
    {
      "x": 22,
      "y": 7,
      "elevation": 0,
      "dest_map": "MAP_PETALBURG_WOODS_3",
      "dest_warp_id": 6
    },
    {
      "x": 7,
      "y": 39,
      "elevation": 0,
      "dest_map": "MAP_PETALBURG_WOODS_3",
      "dest_warp_id": 3
    },
    {
      "x": 10,
      "y": 39,
      "elevation": 0,
      "dest_map": "MAP_PETALBURG_WOODS_3",
      "dest_warp_id": 9
    },
    {
      "x": 36,
      "y": 35,
      "elevation": 0,
      "dest_map": "MAP_PETALBURG_WOODS_3",
      "dest_warp_id": 2
    },
    {
      "x": 39,
      "y": 35,
      "elevation": 0,
      "dest_map": "MAP_PETALBURG_WOODS_3",
      "dest_warp_id": 8
    },
    {
      "x": 41,
      "y": 6,
      "elevation": 0,
      "dest_map": "MAP_PETALBURG_WOODS_3",
      "dest_warp_id": 2
    },
    {
      "x": 22,
      "y": 24,
      "elevation": 0,
      "dest_map": "MAP_PETALBURG_WOODS_3",
      "dest_warp_id": 3
    }
  ],
  "coord_events": [

  ],
  "bg_events": [
    {
      "type": "hidden_item",
      "x": 2,
      "y": 32,
      "elevation": 3,
      "item": "ITEM_BIG_ROOT",
      "flag": "FLAG_PETALBURG_WOODS_BIG_ROOT"
    },
    {
      "type": "hidden_item",
      "x": 44,
      "y": 41,
      "elevation": 3,
      "item": "ITEM_INSECT_PLATE",
      "flag": "FLAG_PETALBURG_WOODS_INSECT_PLATE"
    }
  ],
  "allow_bike": "",
  "allow_escape_rope": ""
}
