{
  "id": "MAP_ROUTE114",
  "name": "Route114",
  "layout": "LAYOUT_ROUTE114",
  "music": "MUS_ROUTE110",
  "region_map_section": "MAPSEC_ROUTE_114",
  "requires_flash": false,
  "weather": "WEATHER_SUNNY",
  "map_type": "MAP_TYPE_ROUTE",
  "allow_cycling": true,
  "allow_escaping": false,
  "allow_running": true,
  "show_map_name": true,
  "battle_scene": "MAP_BATTLE_SCENE_NORMAL",
  "connections": [
    {
      "direction": "left",
      "offset": 40,
      "map": "MAP_ROUTE115"
    },
    {
      "direction": "right",
      "offset": 0,
      "map": "MAP_FALLARBOR_TOWN"
    }
  ],
  "object_events": [
    {
      "graphics_id": "OBJ_EVENT_GFX_BERRY_TREE",
      "x": 31,
      "y": 34,
      "elevation": 3,
      "movement_type": "MOVEMENT_TYPE_BERRY_TREE_GROWTH",
      "movement_range_x": 0,
      "movement_range_y": 0,
      "trainer_type": "TRAINER_TYPE_NONE",
      "trainer_sight_or_berry_tree_id": "BERRY_TREE_ROUTE_114_PERSIM_2",
      "script": "BerryTreeScript",
      "flag": "0"
    },
    {
      "graphics_id": "OBJ_EVENT_GFX_BERRY_TREE",
      "x": 31,
      "y": 35,
      "elevation": 3,
      "movement_type": "MOVEMENT_TYPE_BERRY_TREE_GROWTH",
      "movement_range_x": 0,
      "movement_range_y": 0,
      "trainer_type": "TRAINER_TYPE_NONE",
      "trainer_sight_or_berry_tree_id": "BERRY_TREE_ROUTE_114_PERSIM_3",
      "script": "BerryTreeScript",
      "flag": "0"
    },
    {
      "graphics_id": "OBJ_EVENT_GFX_HIKER",
      "x": 22,
      "y": 65,
      "elevation": 7,
      "movement_type": "MOVEMENT_TYPE_LOOK_AROUND",
      "movement_range_x": 0,
      "movement_range_y": 0,
      "trainer_type": "TRAINER_TYPE_NORMAL",
      "trainer_sight_or_berry_tree_id": "2",
      "script": "Route114_EventScript_Lenny",
      "flag": "0"
    },
    {
      "graphics_id": "OBJ_EVENT_GFX_HIKER",
      "x": 23,
      "y": 66,
      "elevation": 5,
      "movement_type": "MOVEMENT_TYPE_LOOK_AROUND",
      "movement_range_x": 0,
      "movement_range_y": 0,
      "trainer_type": "TRAINER_TYPE_NORMAL",
      "trainer_sight_or_berry_tree_id": "2",
      "script": "Route114_EventScript_Lucas",
      "flag": "0"
    },
    {
      "graphics_id": "OBJ_EVENT_GFX_CAMPER",
      "x": 29,
      "y": 40,
      "elevation": 3,
      "movement_type": "MOVEMENT_TYPE_FACE_LEFT",
      "movement_range_x": 0,
      "movement_range_y": 0,
      "trainer_type": "TRAINER_TYPE_NORMAL",
      "trainer_sight_or_berry_tree_id": "5",
      "script": "Route114_EventScript_Shane",
      "flag": "0"
    },
    {
      "graphics_id": "OBJ_EVENT_GFX_PICNICKER",
      "x": 20,
      "y": 43,
      "elevation": 3,
      "movement_type": "MOVEMENT_TYPE_FACE_RIGHT",
      "movement_range_x": 0,
      "movement_range_y": 0,
      "trainer_type": "TRAINER_TYPE_NORMAL",
      "trainer_sight_or_berry_tree_id": "7",
      "script": "Route114_EventScript_Nancy",
      "flag": "0"
    },
    {
      "graphics_id": "OBJ_EVENT_GFX_MANIAC",
      "x": 24,
      "y": 45,
      "elevation": 3,
      "movement_type": "MOVEMENT_TYPE_FACE_UP",
      "movement_range_x": 0,
      "movement_range_y": 0,
      "trainer_type": "TRAINER_TYPE_NORMAL",
      "trainer_sight_or_berry_tree_id": "5",
      "script": "Route114_EventScript_Steve",
      "flag": "0"
    },
    {
      "graphics_id": "OBJ_EVENT_GFX_BERRY_TREE",
      "x": 31,
      "y": 36,
      "elevation": 3,
      "movement_type": "MOVEMENT_TYPE_BERRY_TREE_GROWTH",
      "movement_range_x": 0,
      "movement_range_y": 0,
      "trainer_type": "TRAINER_TYPE_NONE",
      "trainer_sight_or_berry_tree_id": "BERRY_TREE_ROUTE_114_PERSIM_1",
      "script": "BerryTreeScript",
      "flag": "0"
    },
    {
      "graphics_id": "OBJ_EVENT_GFX_BREAKABLE_ROCK",
      "x": 22,
      "y": 64,
      "elevation": 4,
      "movement_type": "MOVEMENT_TYPE_LOOK_AROUND",
      "movement_range_x": 0,
      "movement_range_y": 0,
      "trainer_type": "TRAINER_TYPE_NONE",
      "trainer_sight_or_berry_tree_id": "0",
      "script": "EventScript_RockSmash",
      "flag": "FLAG_TEMP_15"
    },
    {
      "graphics_id": "OBJ_EVENT_GFX_GENTLEMAN",
      "x": 19,
      "y": 25,
      "elevation": 3,
      "movement_type": "MOVEMENT_TYPE_FACE_RIGHT",
      "movement_range_x": 0,
      "movement_range_y": 0,
      "trainer_type": "TRAINER_TYPE_NONE",
      "trainer_sight_or_berry_tree_id": "0",
      "script": "Route114_EventScript_RoarGentleman",
      "flag": "0"
    },
    {
      "graphics_id": "OBJ_EVENT_GFX_POOCHYENA",
      "x": 19,
      "y": 26,
      "elevation": 3,
      "movement_type": "MOVEMENT_TYPE_FACE_RIGHT",
      "movement_range_x": 0,
      "movement_range_y": 0,
      "trainer_type": "TRAINER_TYPE_NONE",
      "trainer_sight_or_berry_tree_id": "0",
      "script": "Route114_EventScript_Poochyena",
      "flag": "0"
    },
    {
      "graphics_id": "OBJ_EVENT_GFX_MAN_4",
      "x": 20,
      "y": 36,
      "elevation": 3,
      "movement_type": "MOVEMENT_TYPE_FACE_UP",
      "movement_range_x": 0,
      "movement_range_y": 1,
      "trainer_type": "TRAINER_TYPE_NONE",
      "trainer_sight_or_berry_tree_id": "0",
      "script": "Route114_EventScript_Man",
      "flag": "0"
    },
    {
      "graphics_id": "OBJ_EVENT_GFX_FISHERMAN",
      "x": 27,
      "y": 6,
      "elevation": 3,
      "movement_type": "MOVEMENT_TYPE_WALK_SEQUENCE_DOWN_LEFT_UP_RIGHT",
      "movement_range_x": 4,
      "movement_range_y": 5,
      "trainer_type": "TRAINER_TYPE_NORMAL",
      "trainer_sight_or_berry_tree_id": "4",
      "script": "Route114_EventScript_Nolan",
      "flag": "0"
    },
    {
      "graphics_id": "OBJ_EVENT_GFX_FISHERMAN",
      "x": 21,
      "y": 12,
      "elevation": 3,
      "movement_type": "MOVEMENT_TYPE_ROTATE_CLOCKWISE",
      "movement_range_x": 0,
      "movement_range_y": 0,
      "trainer_type": "TRAINER_TYPE_NORMAL",
      "trainer_sight_or_berry_tree_id": "1",
      "script": "Route114_EventScript_Claude",
      "flag": "0"
    },
    {
      "graphics_id": "OBJ_EVENT_GFX_MAN_5",
      "x": 25,
      "y": 65,
      "elevation": 5,
      "movement_type": "MOVEMENT_TYPE_FACE_LEFT",
      "movement_range_x": 0,
      "movement_range_y": 0,
      "trainer_type": "TRAINER_TYPE_NORMAL",
      "trainer_sight_or_berry_tree_id": "2",
      "script": "Route114_EventScript_Bernie",
      "flag": "0"
    },
    {
      "graphics_id": "OBJ_EVENT_GFX_BREAKABLE_ROCK",
      "x": 21,
      "y": 65,
      "elevation": 5,
      "movement_type": "MOVEMENT_TYPE_LOOK_AROUND",
      "movement_range_x": 1,
      "movement_range_y": 1,
      "trainer_type": "TRAINER_TYPE_NONE",
      "trainer_sight_or_berry_tree_id": "0",
      "script": "EventScript_RockSmash",
      "flag": "FLAG_TEMP_14"
    },
    {
      "graphics_id": "OBJ_EVENT_GFX_BREAKABLE_ROCK",
      "x": 23,
      "y": 67,
      "elevation": 5,
      "movement_type": "MOVEMENT_TYPE_LOOK_AROUND",
      "movement_range_x": 1,
      "movement_range_y": 1,
      "trainer_type": "TRAINER_TYPE_NONE",
      "trainer_sight_or_berry_tree_id": "0",
      "script": "EventScript_RockSmash",
      "flag": "FLAG_TEMP_19"
    },
    {
      "graphics_id": "OBJ_EVENT_GFX_BREAKABLE_ROCK",
      "x": 24,
      "y": 66,
      "elevation": 7,
      "movement_type": "MOVEMENT_TYPE_LOOK_AROUND",
      "movement_range_x": 1,
      "movement_range_y": 1,
      "trainer_type": "TRAINER_TYPE_NONE",
      "trainer_sight_or_berry_tree_id": "0",
      "script": "EventScript_RockSmash",
      "flag": "FLAG_TEMP_18"
    },
    {
      "graphics_id": "OBJ_EVENT_GFX_BREAKABLE_ROCK",
      "x": 22,
      "y": 66,
      "elevation": 5,
      "movement_type": "MOVEMENT_TYPE_LOOK_AROUND",
      "movement_range_x": 1,
      "movement_range_y": 1,
      "trainer_type": "TRAINER_TYPE_NONE",
      "trainer_sight_or_berry_tree_id": "0",
      "script": "EventScript_RockSmash",
      "flag": "FLAG_TEMP_16"
    },
    {
      "graphics_id": "OBJ_EVENT_GFX_LASS",
      "x": 22,
      "y": 36,
      "elevation": 3,
      "movement_type": "MOVEMENT_TYPE_FACE_LEFT",
      "movement_range_x": 1,
      "movement_range_y": 1,
      "trainer_type": "TRAINER_TYPE_NORMAL",
      "trainer_sight_or_berry_tree_id": "1",
      "script": "Route114_EventScript_Ivy",
      "flag": "0"
    },
    {
      "graphics_id": "OBJ_EVENT_GFX_LASS",
      "x": 22,
      "y": 37,
      "elevation": 3,
      "movement_type": "MOVEMENT_TYPE_FACE_LEFT",
      "movement_range_x": 1,
      "movement_range_y": 1,
      "trainer_type": "TRAINER_TYPE_NORMAL",
      "trainer_sight_or_berry_tree_id": "1",
      "script": "Route114_EventScript_Tyra",
      "flag": "0"
    },
    {
      "graphics_id": "OBJ_EVENT_GFX_PICNICKER",
      "x": 23,
      "y": 12,
      "elevation": 3,
      "movement_type": "MOVEMENT_TYPE_WALK_SEQUENCE_UP_RIGHT_DOWN_LEFT",
      "movement_range_x": 4,
      "movement_range_y": 5,
      "trainer_type": "TRAINER_TYPE_NORMAL",
      "trainer_sight_or_berry_tree_id": "4",
      "script": "Route114_EventScript_Charlotte",
      "flag": "0"
    },
    {
      "graphics_id": "OBJ_EVENT_GFX_PICNICKER",
      "x": 21,
      "y": 63,
      "elevation": 5,
      "movement_type": "MOVEMENT_TYPE_FACE_DOWN_AND_RIGHT",
      "movement_range_x": 1,
      "movement_range_y": 1,
      "trainer_type": "TRAINER_TYPE_NORMAL",
      "trainer_sight_or_berry_tree_id": "2",
      "script": "Route114_EventScript_Angelina",
      "flag": "0"
    },
    {
      "graphics_id": "OBJ_EVENT_GFX_FISHERMAN",
      "x": 22,
      "y": 11,
      "elevation": 3,
      "movement_type": "MOVEMENT_TYPE_ROTATE_COUNTERCLOCKWISE",
      "movement_range_x": 1,
      "movement_range_y": 1,
      "trainer_type": "TRAINER_TYPE_NORMAL",
      "trainer_sight_or_berry_tree_id": "1",
      "script": "Route114_EventScript_Kai",
      "flag": "0"
    },
    {
      "graphics_id": "OBJ_EVENT_GFX_FISHERMAN",
      "x": 26,
      "y": 38,
      "elevation": 3,
      "movement_type": "MOVEMENT_TYPE_FACE_UP",
      "movement_range_x": 0,
      "movement_range_y": 0,
      "trainer_type": "TRAINER_TYPE_NONE",
      "trainer_sight_or_berry_tree_id": "1",
      "script": "Route114_EventScript_GoodRodFisherman",
      "flag": "0"
    },
    {
      "graphics_id": "OBJ_EVENT_GFX_MYSTERY_GIFT_MAN",
      "x": 25,
      "y": 10,
      "elevation": 3,
      "movement_type": "MOVEMENT_TYPE_NONE",
      "movement_range_x": 0,
      "movement_range_y": 0,
      "trainer_type": "TRAINER_TYPE_NONE",
      "trainer_sight_or_berry_tree_id": "0",
      "script": "Route114_EventScript_LegendaryNPC",
      "flag": "0"
    },
    {
      "graphics_id": "OBJ_EVENT_GFX_FERALIGATR",
      "x": 7,
      "y": 48,
      "elevation": 3,
      "movement_type": "MOVEMENT_TYPE_NONE",
      "movement_range_x": 0,
      "movement_range_y": 0,
      "trainer_type": "TRAINER_TYPE_NONE",
      "trainer_sight_or_berry_tree_id": "0",
      "script": "Route114_EventScript_Feraligatr",
      "flag": "FLAG_OBTAINED_ROUTE114_FERALIGATR"
    },
    {
      "graphics_id": "OBJ_EVENT_GFX_BREAKABLE_ROCK",
      "x": 16,
      "y": 40,
      "elevation": 5,
      "movement_type": "MOVEMENT_TYPE_LOOK_AROUND",
      "movement_range_x": 1,
      "movement_range_y": 1,
      "trainer_type": "TRAINER_TYPE_NONE",
      "trainer_sight_or_berry_tree_id": "0",
      "script": "EventScript_RockSmash",
      "flag": "FLAG_TEMP_12"
    },
    {
      "graphics_id": "OBJ_EVENT_GFX_BREAKABLE_ROCK",
      "x": 23,
      "y": 65,
      "elevation": 5,
      "movement_type": "MOVEMENT_TYPE_LOOK_AROUND",
      "movement_range_x": 1,
      "movement_range_y": 1,
      "trainer_type": "TRAINER_TYPE_NONE",
      "trainer_sight_or_berry_tree_id": "0",
      "script": "EventScript_RockSmash",
      "flag": "FLAG_TEMP_17"
    },
    {
      "graphics_id": "OBJ_EVENT_GFX_BREAKABLE_ROCK",
      "x": 15,
      "y": 40,
      "elevation": 5,
      "movement_type": "MOVEMENT_TYPE_LOOK_AROUND",
      "movement_range_x": 1,
      "movement_range_y": 1,
      "trainer_type": "TRAINER_TYPE_NONE",
      "trainer_sight_or_berry_tree_id": "0",
      "script": "EventScript_RockSmash",
      "flag": "FLAG_TEMP_12"
    },
    {
      "graphics_id": "OBJ_EVENT_GFX_BREAKABLE_ROCK",
      "x": 15,
      "y": 38,
      "elevation": 5,
      "movement_type": "MOVEMENT_TYPE_LOOK_AROUND",
      "movement_range_x": 1,
      "movement_range_y": 1,
      "trainer_type": "TRAINER_TYPE_NONE",
      "trainer_sight_or_berry_tree_id": "0",
      "script": "EventScript_RockSmash",
      "flag": "FLAG_TEMP_10"
    },
    {
      "graphics_id": "OBJ_EVENT_GFX_BREAKABLE_ROCK",
      "x": 16,
      "y": 42,
      "elevation": 5,
      "movement_type": "MOVEMENT_TYPE_LOOK_AROUND",
      "movement_range_x": 1,
      "movement_range_y": 1,
      "trainer_type": "TRAINER_TYPE_NONE",
      "trainer_sight_or_berry_tree_id": "0",
      "script": "EventScript_RockSmash",
      "flag": "FLAG_TEMP_13"
    }
  ],
  "warp_events": [
    {
      "x": 8,
      "y": 63,
      "elevation": 0,
      "dest_map": "MAP_METEOR_FALLS_1F_1R",
      "dest_warp_id": 0
    },
    {
      "x": 29,
      "y": 5,
      "elevation": 0,
      "dest_map": "MAP_ROUTE114_FOSSIL_MANIACS_HOUSE",
      "dest_warp_id": 0
    },
    {
      "x": 27,
      "y": 36,
      "elevation": 0,
      "dest_map": "MAP_ROUTE114_LANETTES_HOUSE",
      "dest_warp_id": 0
    },
    {
      "x": 6,
      "y": 46,
      "elevation": 0,
      "dest_map": "MAP_TERRA_CAVE_ENTRANCE",
      "dest_warp_id": 0
    },
    {
      "x": 7,
      "y": 4,
      "elevation": 0,
      "dest_map": "MAP_TERRA_CAVE_ENTRANCE",
      "dest_warp_id": 0
    },
    {
      "x": 17,
      "y": 39,
      "elevation": 0,
      "dest_map": "MAP_ROUTE114",
      "dest_warp_id": 6
    },
    {
      "x": 27,
      "y": 43,
      "elevation": 0,
      "dest_map": "MAP_ROUTE114",
      "dest_warp_id": 5
    }
  ],
  "coord_events": [

  ],
  "bg_events": [
    {
      "type": "sign",
      "x": 7,
      "y": 64,
      "elevation": 0,
      "player_facing_dir": "BG_EVENT_PLAYER_FACING_ANY",
      "script": "Route114_EventScript_MeteorFallsSign"
    },
    {
      "type": "sign",
      "x": 31,
      "y": 7,
      "elevation": 0,
      "player_facing_dir": "BG_EVENT_PLAYER_FACING_ANY",
      "script": "Route114_EventScript_FossilManiacsHouseSign"
    },
    {
      "type": "secret_base",
      "x": 30,
      "y": 51,
      "elevation": 0,
      "secret_base_id": "SECRET_BASE_BROWN_CAVE2_1"
    },
    {
      "type": "secret_base",
      "x": 11,
      "y": 62,
      "elevation": 0,
      "secret_base_id": "SECRET_BASE_BROWN_CAVE3_1"
    },
    {
      "type": "secret_base",
      "x": 19,
      "y": 70,
      "elevation": 0,
      "secret_base_id": "SECRET_BASE_BROWN_CAVE4_1"
    },
    {
      "type": "secret_base",
      "x": 11,
      "y": 27,
      "elevation": 0,
      "secret_base_id": "SECRET_BASE_TREE3_2"
    },
    {
      "type": "secret_base",
      "x": 12,
      "y": 27,
      "elevation": 0,
      "secret_base_id": "SECRET_BASE_TREE4_2"
    },
    {
      "type": "sign",
      "x": 25,
      "y": 38,
      "elevation": 3,
      "player_facing_dir": "BG_EVENT_PLAYER_FACING_ANY",
      "script": "Route114_EventScript_LanettesHouseSign"
    },
    {
      "type": "secret_base",
      "x": 32,
      "y": 57,
      "elevation": 0,
      "secret_base_id": "SECRET_BASE_BROWN_CAVE4_3"
    },
    {
      "type": "sign",
      "x": 24,
      "y": 10,
      "elevation": 0,
      "player_facing_dir": "BG_EVENT_PLAYER_FACING_ANY",
      "script": "NULL"
    }
  ]
}
