{
  "id": "MAP_SANDSTREWN_RUINS_3F",
  "name": "SandstrewnRuins_3F",
  "layout": "LAYOUT_SANDSTREWN_RUINS_3F",
  "music": "MUS_MT_CHIMNEY",
  "region_map_section": "MAPSEC_SANDSTREWN_RUINS",
  "requires_flash": false,
  "weather": "WEATHER_NONE",
  "map_type": "MAP_TYPE_UNDERGROUND",
  "allow_cycling": true,
  "allow_escaping": true,
  "allow_running": true,
  "show_map_name": true,
  "battle_scene": "MAP_BATTLE_SCENE_NORMAL",
  "connections": 0,
  "object_events": [

  ],
  "warp_events": [
    {
      "x": 15,
      "y": 2,
      "elevation": 0,
      "dest_map": "MAP_SANDSTREWN_RUINS_2F",
      "dest_warp_id": 1
    },
    {
      "x": 10,
      "y": 14,
      "elevation": 0,
      "dest_map": "MAP_ROUTE111_RUINS_EXTERIOR",
      "dest_warp_id": 0
    }
  ],
  "coord_events": [

  ],
  "bg_events": [

  ]
}
