{
  "id": "MAP_SLATEPORT_CITY_OCEANIC_MUSEUM_2F",
  "name": "SlateportCity_OceanicMuseum_2F",
  "layout": "LAYOUT_SLATEPORT_CITY_OCEANIC_MUSEUM_2F",
  "music": "MUS_OCEANIC_MUSEUM",
  "region_map_section": "MAPSEC_SLATEPORT_CITY",
  "requires_flash": false,
  "weather": "WEATHER_NONE",
  "map_type": "MAP_TYPE_INDOOR",
  "allow_cycling": false,
  "allow_escaping": false,
  "allow_running": false,
  "show_map_name": false,
  "battle_scene": "MAP_BATTLE_SCENE_NORMAL",
  "connections": 0,
  "object_events": [
    {
      "graphics_id": "OBJ_EVENT_GFX_SCIENTIST_1",
      "x": 13,
      "y": 6,
      "elevation": 3,
      "movement_type": "MOVEMENT_TYPE_FACE_DOWN",
      "movement_range_x": 0,
      "movement_range_y": 0,
      "trainer_type": "TRAINER_TYPE_NONE",
      "trainer_sight_or_berry_tree_id": "0",
      "script": "SlateportCity_OceanicMuseum_2F_EventScript_CaptStern",
      "flag": "FLAG_HIDE_SLATEPORT_CITY_OCEANIC_MUSEUM_2F_CAPTAIN_STERN"
    },
    {
      "graphics_id": "OBJ_EVENT_GFX_ARCHIE",
      "x": 6,
      "y": 1,
      "elevation": 3,
      "movement_type": "MOVEMENT_TYPE_FACE_DOWN",
      "movement_range_x": 0,
      "movement_range_y": 0,
      "trainer_type": "TRAINER_TYPE_NONE",
      "trainer_sight_or_berry_tree_id": "0",
      "script": "0x0",
      "flag": "FLAG_HIDE_SLATEPORT_CITY_OCEANIC_MUSEUM_2F_ARCHIE"
    },
    {
      "graphics_id": "OBJ_EVENT_GFX_AQUA_MEMBER_M",
      "x": 6,
      "y": 1,
      "elevation": 3,
      "movement_type": "MOVEMENT_TYPE_FACE_DOWN",
      "movement_range_x": 0,
      "movement_range_y": 0,
      "trainer_type": "TRAINER_TYPE_NONE",
      "trainer_sight_or_berry_tree_id": "0",
      "script": "0x0",
      "flag": "FLAG_HIDE_SLATEPORT_CITY_OCEANIC_MUSEUM_2F_AQUA_GRUNT_1"
    },
    {
      "graphics_id": "OBJ_EVENT_GFX_AQUA_MEMBER_M",
      "x": 6,
      "y": 1,
      "elevation": 3,
      "movement_type": "MOVEMENT_TYPE_FACE_DOWN",
      "movement_range_x": 0,
      "movement_range_y": 0,
      "trainer_type": "TRAINER_TYPE_NONE",
      "trainer_sight_or_berry_tree_id": "0",
      "script": "0x0",
      "flag": "FLAG_HIDE_SLATEPORT_CITY_OCEANIC_MUSEUM_2F_AQUA_GRUNT_2"
    },
    {
      "graphics_id": "OBJ_EVENT_GFX_OLD_MAN",
      "x": 12,
      "y": 7,
      "elevation": 3,
      "movement_type": "MOVEMENT_TYPE_FACE_RIGHT",
      "movement_range_x": 1,
      "movement_range_y": 1,
      "trainer_type": "TRAINER_TYPE_NONE",
      "trainer_sight_or_berry_tree_id": "0",
      "script": "SlateportCity_OceanicMuseum_2F_EventScript_MuseumPatron1",
      "flag": "FLAG_HIDE_SLATEPORT_MUSEUM_POPULATION"
    },
    {
      "graphics_id": "OBJ_EVENT_GFX_POKEFAN_F",
      "x": 9,
      "y": 6,
      "elevation": 3,
      "movement_type": "MOVEMENT_TYPE_LOOK_AROUND",
      "movement_range_x": 1,
      "movement_range_y": 1,
      "trainer_type": "TRAINER_TYPE_NONE",
      "trainer_sight_or_berry_tree_id": "0",
      "script": "SlateportCity_OceanicMuseum_2F_EventScript_MuseumPatron2",
      "flag": "FLAG_HIDE_SLATEPORT_MUSEUM_POPULATION"
    },
    {
      "graphics_id": "OBJ_EVENT_GFX_NINJA_BOY",
      "x": 1,
      "y": 3,
      "elevation": 3,
      "movement_type": "MOVEMENT_TYPE_FACE_RIGHT",
      "movement_range_x": 1,
      "movement_range_y": 1,
      "trainer_type": "TRAINER_TYPE_NONE",
      "trainer_sight_or_berry_tree_id": "0",
      "script": "SlateportCity_OceanicMuseum_2F_EventScript_MuseumPatron3",
      "flag": "FLAG_HIDE_SLATEPORT_MUSEUM_POPULATION"
    },
    {
      "graphics_id": "OBJ_EVENT_GFX_MEGA_STONE",
      "x": 10,
      "y": 4,
      "elevation": 3,
      "movement_type": "MOVEMENT_TYPE_WALK_IN_PLACE_DOWN",
      "movement_range_x": 0,
      "movement_range_y": 0,
      "trainer_type": "TRAINER_TYPE_NONE",
      "trainer_sight_or_berry_tree_id": "0",
      "script": "SlateportCity_OceanicMuseum_2F_EventScript_LaprasiteX",
      "flag": "FLAG_OBTAINED_LAPRASITE_X"
    }
  ],
  "warp_events": [
    {
      "x": 6,
      "y": 1,
      "elevation": 0,
      "dest_map": "MAP_SLATEPORT_CITY_OCEANIC_MUSEUM_1F",
      "dest_warp_id": 2
    }
  ],
  "coord_events": [

  ],
  "bg_events": [
    {
      "type": "sign",
      "x": 18,
      "y": 4,
      "elevation": 0,
      "player_facing_dir": "BG_EVENT_PLAYER_FACING_ANY",
      "script": "SlateportCity_OceanicMuseum_2F_EventScript_WaterQualitySample1"
    },
    {
      "type": "sign",
      "x": 18,
      "y": 7,
      "elevation": 0,
      "player_facing_dir": "BG_EVENT_PLAYER_FACING_ANY",
      "script": "SlateportCity_OceanicMuseum_2F_EventScript_WaterQualitySample2"
    },
    {
      "type": "sign",
      "x": 4,
      "y": 3,
      "elevation": 0,
      "player_facing_dir": "BG_EVENT_PLAYER_FACING_ANY",
      "script": "SlateportCity_OceanicMuseum_2F_EventScript_SubmersibleReplica"
    },
    {
      "type": "sign",
      "x": 4,
      "y": 4,
      "elevation": 0,
      "player_facing_dir": "BG_EVENT_PLAYER_FACING_ANY",
      "script": "SlateportCity_OceanicMuseum_2F_EventScript_SubmersibleReplica"
    },
    {
      "type": "sign",
      "x": 3,
      "y": 3,
      "elevation": 0,
      "player_facing_dir": "BG_EVENT_PLAYER_FACING_ANY",
      "script": "SlateportCity_OceanicMuseum_2F_EventScript_SubmarineReplica"
    },
    {
      "type": "sign",
      "x": 2,
      "y": 3,
      "elevation": 0,
      "player_facing_dir": "BG_EVENT_PLAYER_FACING_ANY",
      "script": "SlateportCity_OceanicMuseum_2F_EventScript_SubmarineReplica"
    },
    {
      "type": "sign",
      "x": 3,
      "y": 4,
      "elevation": 0,
      "player_facing_dir": "BG_EVENT_PLAYER_FACING_ANY",
      "script": "SlateportCity_OceanicMuseum_2F_EventScript_SubmarineReplica"
    },
    {
      "type": "sign",
      "x": 3,
      "y": 6,
      "elevation": 0,
      "player_facing_dir": "BG_EVENT_PLAYER_FACING_ANY",
      "script": "SlateportCity_OceanicMuseum_2F_EventScript_SSTidalReplica"
    },
    {
      "type": "sign",
      "x": 4,
      "y": 6,
      "elevation": 0,
      "player_facing_dir": "BG_EVENT_PLAYER_FACING_ANY",
      "script": "SlateportCity_OceanicMuseum_2F_EventScript_SSTidalReplica"
    },
    {
      "type": "sign",
      "x": 13,
      "y": 7,
      "elevation": 0,
      "player_facing_dir": "BG_EVENT_PLAYER_FACING_ANY",
      "script": "SlateportCity_OceanicMuseum_2F_EventScript_SSAnneReplica"
    },
    {
      "type": "sign",
      "x": 14,
      "y": 7,
      "elevation": 3,
      "player_facing_dir": "BG_EVENT_PLAYER_FACING_ANY",
      "script": "SlateportCity_OceanicMuseum_2F_EventScript_SSAnneReplica"
    },
    {
      "type": "sign",
      "x": 18,
      "y": 1,
      "elevation": 0,
      "player_facing_dir": "BG_EVENT_PLAYER_FACING_ANY",
      "script": "SlateportCity_OceanicMuseum_2F_EventScript_SurfaceSeawaterDisplay"
    },
    {
      "type": "sign",
      "x": 19,
      "y": 1,
      "elevation": 0,
      "player_facing_dir": "BG_EVENT_PLAYER_FACING_ANY",
      "script": "SlateportCity_OceanicMuseum_2F_EventScript_SurfaceSeawaterDisplay"
    },
    {
      "type": "sign",
      "x": 15,
      "y": 1,
      "elevation": 0,
      "player_facing_dir": "BG_EVENT_PLAYER_FACING_ANY",
      "script": "SlateportCity_OceanicMuseum_2F_EventScript_DeepSeawaterDisplay"
    },
    {
      "type": "sign",
      "x": 16,
      "y": 1,
      "elevation": 0,
      "player_facing_dir": "BG_EVENT_PLAYER_FACING_ANY",
      "script": "SlateportCity_OceanicMuseum_2F_EventScript_DeepSeawaterDisplay"
    },
    {
      "type": "sign",
      "x": 8,
      "y": 1,
      "elevation": 0,
      "player_facing_dir": "BG_EVENT_PLAYER_FACING_ANY",
      "script": "SlateportCity_OceanicMuseum_2F_EventScript_HoennModel"
    },
    {
      "type": "sign",
      "x": 9,
      "y": 1,
      "elevation": 0,
      "player_facing_dir": "BG_EVENT_PLAYER_FACING_ANY",
      "script": "SlateportCity_OceanicMuseum_2F_EventScript_HoennModel"
    },
    {
      "type": "sign",
      "x": 12,
      "y": 1,
      "elevation": 0,
      "player_facing_dir": "BG_EVENT_PLAYER_FACING_ANY",
      "script": "SlateportCity_OceanicMuseum_2F_EventScript_PressureExperiment"
    },
    {
      "type": "sign",
      "x": 13,
      "y": 1,
      "elevation": 0,
      "player_facing_dir": "BG_EVENT_PLAYER_FACING_ANY",
      "script": "SlateportCity_OceanicMuseum_2F_EventScript_PressureExperiment"
    },
    {
      "type": "sign",
      "x": 3,
      "y": 7,
      "elevation": 0,
      "player_facing_dir": "BG_EVENT_PLAYER_FACING_ANY",
      "script": "SlateportCity_OceanicMuseum_2F_EventScript_SSTidalReplica"
    },
    {
      "type": "sign",
      "x": 4,
      "y": 7,
      "elevation": 0,
      "player_facing_dir": "BG_EVENT_PLAYER_FACING_ANY",
      "script": "SlateportCity_OceanicMuseum_2F_EventScript_SSTidalReplica"
    }
  ]
}
