{
  "id": "MAP_FALLARBOR_TOWN_MOVE_RELEARNERS_HOUSE",
  "name": "FallarborTown_MoveRelearnersHouse",
  "layout": "LAYOUT_HOUSE2",
  "music": "MUS_FALLARBOR",
  "region_map_section": "MAPSEC_FALLARBOR_TOWN",
  "requires_flash": false,
  "weather": "WEATHER_NONE",
  "map_type": "MAP_TYPE_INDOOR",
  "allow_cycling": false,
  "allow_escaping": false,
  "allow_running": false,
  "show_map_name": false,
  "battle_scene": "MAP_BATTLE_SCENE_NORMAL",
  "connections": 0,
  "object_events": [

  ],
  "warp_events": [
    {
      "x": 3,
      "y": 7,
      "elevation": 0,
      "dest_map": "MAP_FALLARBOR_TOWN",
      "dest_warp_id": 4
    },
    {
      "x": 4,
      "y": 7,
      "elevation": 0,
      "dest_map": "MAP_FALLARBOR_TOWN",
      "dest_warp_id": 4
    }
  ],
  "coord_events": [

  ],
  "bg_events": [

  ]
}
