{
  "id": "MAP_LILYCOVE_CITY_DEPARTMENT_STORE_4F",
  "name": "LilycoveCity_DepartmentStore_4F",
  "layout": "LAYOUT_LILYCOVE_CITY_DEPARTMENT_STORE_4F",
  "music": "MUS_POKE_MART",
  "region_map_section": "MAPSEC_LILYCOVE_CITY",
  "requires_flash": false,
  "weather": "WEATHER_NONE",
  "map_type": "MAP_TYPE_INDOOR",
  "allow_cycling": false,
  "allow_escaping": false,
  "allow_running": false,
  "show_map_name": false,
  "battle_scene": "MAP_BATTLE_SCENE_NORMAL",
  "connections": 0,
  "object_events": [
    {
      "graphics_id": "OBJ_EVENT_GFX_GENTLEMAN",
      "x": 0,
      "y": 2,
      "elevation": 3,
      "movement_type": "MOVEMENT_TYPE_WANDER_AROUND",
      "movement_range_x": 1,
      "movement_range_y": 1,
      "trainer_type": "TRAINER_TYPE_NONE",
      "trainer_sight_or_berry_tree_id": "0",
      "script": "LilycoveCity_DepartmentStore_4F_EventScript_Gentleman",
      "flag": "0"
    },
    {
      "graphics_id": "OBJ_EVENT_GFX_WOMAN_2",
      "x": 6,
      "y": 2,
      "elevation": 3,
      "movement_type": "MOVEMENT_TYPE_WANDER_AROUND",
      "movement_range_x": 1,
      "movement_range_y": 1,
      "trainer_type": "TRAINER_TYPE_NONE",
      "trainer_sight_or_berry_tree_id": "0",
      "script": "LilycoveCity_DepartmentStore_4F_EventScript_Woman",
      "flag": "0"
    },
    {
      "graphics_id": "OBJ_EVENT_GFX_YOUNGSTER",
      "x": 13,
      "y": 4,
      "elevation": 3,
      "movement_type": "MOVEMENT_TYPE_WANDER_AROUND",
      "movement_range_x": 1,
      "movement_range_y": 1,
      "trainer_type": "TRAINER_TYPE_NONE",
      "trainer_sight_or_berry_tree_id": "0",
      "script": "LilycoveCity_DepartmentStore_4F_EventScript_Youngster",
      "flag": "0"
    }
  ],
  "warp_events": [
    {
      "x": 16,
      "y": 1,
      "elevation": 0,
      "dest_map": "MAP_LILYCOVE_CITY_DEPARTMENT_STORE_3F",
      "dest_warp_id": 1
    },
    {
      "x": 13,
      "y": 1,
      "elevation": 0,
      "dest_map": "MAP_LILYCOVE_CITY_DEPARTMENT_STORE_5F",
      "dest_warp_id": 0
    },
    {
      "x": 2,
      "y": 1,
      "elevation": 0,
      "dest_map": "MAP_LILYCOVE_CITY_DEPARTMENT_STORE_ELEVATOR",
      "dest_warp_id": 0
    }
  ],
  "coord_events": [

  ],
  "bg_events": [

  ]
}
