{
  "id": "MAP_BATTLE_FRONTIER_LOUNGE6",
  "name": "BattleFrontier_Lounge6",
  "layout": "LAYOUT_BATTLE_FRONTIER_LOUNGE2",
  "music": "MUS_B_TOWER_RS",
  "region_map_section": "MAPSEC_BATTLE_FRONTIER",
  "requires_flash": false,
  "weather": "WEATHER_NONE",
  "map_type": "MAP_TYPE_INDOOR",
  "allow_cycling": false,
  "allow_escaping": false,
  "allow_running": false,
  "show_map_name": false,
  "battle_scene": "MAP_BATTLE_SCENE_NORMAL",
  "connections": 0,
  "object_events": [
    {
      "graphics_id": "OBJ_EVENT_GFX_BEAUTY",
      "x": 2,
      "y": 4,
      "elevation": 0,
      "movement_type": "MOVEMENT_TYPE_FACE_RIGHT",
      "movement_range_x": 1,
      "movement_range_y": 1,
      "trainer_type": "TRAINER_TYPE_NONE",
      "trainer_sight_or_berry_tree_id": "0",
      "script": "NULL",
      "flag": "0"
    }
  ],
  "warp_events": [
    {
      "x": 4,
      "y": 9,
      "elevation": 0,
      "dest_map": "MAP_BATTLE_FRONTIER_OUTSIDE_EAST",
      "dest_warp_id": 8
    }
  ],
  "coord_events": [

  ],
  "bg_events": [

  ]
}
