{
  "id": "MAP_SOOTOPOLIS_CITY_GYM_B1F",
  "name": "SootopolisCity_Gym_B1F",
  "layout": "LAYOUT_SOOTOPOLIS_CITY_GYM_B1F",
  "music": "MUS_GYM",
  "region_map_section": "MAPSEC_SOOTOPOLIS_CITY",
  "requires_flash": false,
  "weather": "WEATHER_NONE",
  "map_type": "MAP_TYPE_INDOOR",
  "allow_cycling": false,
  "allow_escaping": false,
  "allow_running": false,
  "show_map_name": false,
  "battle_scene": "MAP_BATTLE_SCENE_GYM",
  "connections": 0,
  "object_events": [

  ],
  "warp_events": [
    {
      "x": 11,
      "y": 22,
      "elevation": 3,
      "dest_map": "MAP_SOOTOPOLIS_CITY_GYM_1F",
      "dest_warp_id": 2
    }
  ],
  "coord_events": [

  ],
  "bg_events": [

  ]
}
