{
  "id": "MAP_DEWFORD_MANOR_1F",
  "name": "DewfordManor_1F",
  "layout": "LAYOUT_DEWFORD_MANOR_1F",
  "music": "MUS_MT_PYRE",
  "region_map_section": "MAPSEC_DEWFORD_MANOR",
  "requires_flash": false,
  "weather": "WEATHER_SHADE",
  "map_type": "MAP_TYPE_INDOOR",
  "allow_cycling": false,
  "allow_escaping": true,
  "allow_running": true,
  "show_map_name": true,
  "battle_scene": "MAP_BATTLE_SCENE_NORMAL",
  "connections": 0,
  "object_events": [
    {
      "graphics_id": "OBJ_EVENT_GFX_EXPERT_F",
      "x": 1,
      "y": 2,
      "elevation": 3,
      "movement_type": "MOVEMENT_TYPE_FACE_RIGHT",
      "movement_range_x": 0,
      "movement_range_y": 0,
      "trainer_type": "TRAINER_TYPE_NONE",
      "trainer_sight_or_berry_tree_id": "0",
      "script": "DewfordManor_1F_EventScript_Crobatite_Battle",
      "flag": "0"
    }
  ],
  "warp_events": [
    {
      "x": 11,
      "y": 11,
      "elevation": 0,
      "dest_map": "MAP_DEWFORD_MEADOW",
      "dest_warp_id": 0
    },
    {
      "x": 12,
      "y": 11,
      "elevation": 0,
      "dest_map": "MAP_DEWFORD_MEADOW",
      "dest_warp_id": 0
    }
  ],
  "coord_events": [

  ],
  "bg_events": [
    {
      "type": "hidden_item",
      "x": 22,
      "y": 10,
      "elevation": 3,
      "item": "ITEM_DREAD_PLATE",
      "flag": "FLAG_HIDDEN_ITEM_DEWFORD_MANOR_DREAD_PLATE"
    }
  ]
}
