{
  "id": "MAP_ROUTE133",
  "name": "Route133",
  "layout": "LAYOUT_ROUTE133",
  "music": "MUS_ROUTE119",
  "region_map_section": "MAPSEC_ROUTE_133",
  "requires_flash": false,
  "weather": "WEATHER_SUNNY",
  "map_type": "MAP_TYPE_OCEAN_ROUTE",
  "allow_cycling": true,
  "allow_escaping": false,
  "allow_running": true,
  "show_map_name": true,
  "battle_scene": "MAP_BATTLE_SCENE_NORMAL",
  "connections": [
    {
      "direction": "left",
      "offset": 0,
      "map": "MAP_ROUTE134"
    },
    {
      "direction": "right",
      "offset": 0,
      "map": "MAP_ROUTE132"
    }
  ],
  "object_events": [
    {
      "graphics_id": "OBJ_EVENT_GFX_SWIMMER_M",
      "x": 68,
      "y": 27,
      "elevation": 1,
      "movement_type": "MOVEMENT_TYPE_WALK_UP_AND_DOWN",
      "movement_range_x": 0,
      "movement_range_y": 2,
      "trainer_type": "TRAINER_TYPE_NORMAL",
      "trainer_sight_or_berry_tree_id": "3",
      "script": "Route133_EventScript_Franklin",
      "flag": "0"
    },
    {
      "graphics_id": "OBJ_EVENT_GFX_SWIMMER_F",
      "x": 13,
      "y": 3,
      "elevation": 1,
      "movement_type": "MOVEMENT_TYPE_FACE_DOWN",
      "movement_range_x": 0,
      "movement_range_y": 0,
      "trainer_type": "TRAINER_TYPE_NORMAL",
      "trainer_sight_or_berry_tree_id": "3",
      "script": "Route133_EventScript_Linda",
      "flag": "0"
    },
    {
      "graphics_id": "OBJ_EVENT_GFX_SWIMMER_F",
      "x": 68,
      "y": 28,
      "elevation": 1,
      "movement_type": "MOVEMENT_TYPE_WALK_DOWN_AND_UP",
      "movement_range_x": 0,
      "movement_range_y": 2,
      "trainer_type": "TRAINER_TYPE_NORMAL",
      "trainer_sight_or_berry_tree_id": "3",
      "script": "Route133_EventScript_Debra",
      "flag": "0"
    },
    {
      "graphics_id": "OBJ_EVENT_GFX_MAN_5",
      "x": 7,
      "y": 14,
      "elevation": 3,
      "movement_type": "MOVEMENT_TYPE_FACE_DOWN_AND_RIGHT",
      "movement_range_x": 1,
      "movement_range_y": 1,
      "trainer_type": "TRAINER_TYPE_NORMAL",
      "trainer_sight_or_berry_tree_id": "2",
      "script": "Route133_EventScript_Beck",
      "flag": "0"
    },
    {
      "graphics_id": "OBJ_EVENT_GFX_MAN_3",
      "x": 37,
      "y": 15,
      "elevation": 3,
      "movement_type": "MOVEMENT_TYPE_FACE_DOWN_AND_RIGHT",
      "movement_range_x": 0,
      "movement_range_y": 0,
      "trainer_type": "TRAINER_TYPE_NORMAL",
      "trainer_sight_or_berry_tree_id": "4",
      "script": "Route133_EventScript_Warren",
      "flag": "0"
    },
    {
      "graphics_id": "OBJ_EVENT_GFX_EXPERT_F",
      "x": 56,
      "y": 11,
      "elevation": 3,
      "movement_type": "MOVEMENT_TYPE_FACE_DOWN",
      "movement_range_x": 1,
      "movement_range_y": 1,
      "trainer_type": "TRAINER_TYPE_NORMAL",
      "trainer_sight_or_berry_tree_id": "3",
      "script": "Route133_EventScript_Mollie",
      "flag": "0"
    },
    {
      "graphics_id": "OBJ_EVENT_GFX_EXPERT_M",
      "x": 56,
      "y": 15,
      "elevation": 3,
      "movement_type": "MOVEMENT_TYPE_FACE_UP_AND_RIGHT",
      "movement_range_x": 1,
      "movement_range_y": 1,
      "trainer_type": "TRAINER_TYPE_NORMAL",
      "trainer_sight_or_berry_tree_id": "3",
      "script": "Route133_EventScript_Conor",
      "flag": "0"
    },
    {
      "graphics_id": "OBJ_EVENT_GFX_NURSE",
      "x": 69,
      "y": 7,
      "elevation": 3,
      "movement_type": "MOVEMENT_TYPE_FACE_RIGHT",
      "movement_range_x": 0,
      "movement_range_y": 0,
      "trainer_type": "TRAINER_TYPE_NONE",
      "trainer_sight_or_berry_tree_id": "0",
      "script": "Route133_EventScript_Nurse",
      "flag": "FLAG_LENT_NURSE_SURF"
    },
    {
      "graphics_id": "OBJ_EVENT_GFX_CHANSEY",
      "x": 70,
      "y": 7,
      "elevation": 3,
      "movement_type": "MOVEMENT_TYPE_FACE_LEFT",
      "movement_range_x": 2,
      "movement_range_y": 0,
      "trainer_type": "TRAINER_TYPE_NONE",
      "trainer_sight_or_berry_tree_id": "0",
      "script": "Route133_EventScript_Blob",
      "flag": "FLAG_LENT_NURSE_SURF"
    },
    {
      "graphics_id": "OBJ_EVENT_GFX_MYSTERY_GIFT_MAN",
      "x": 47,
      "y": 26,
      "elevation": 3,
      "movement_type": "MOVEMENT_TYPE_NONE",
      "movement_range_x": 0,
      "movement_range_y": 0,
      "trainer_type": "TRAINER_TYPE_NONE",
      "trainer_sight_or_berry_tree_id": "0",
      "script": "Route133_EventScript_LegendaryNPC",
      "flag": "0"
    }
  ],
  "warp_events": [

  ],
  "coord_events": [

  ],
  "bg_events": [

  ]
}
