{
  "id": "MAP_PETALBURG_WOODS_BRELOOM_ROOM",
  "name": "PetalburgWoods_BreloomRoom",
  "layout": "LAYOUT_PETALBURG_WOODS_BRELOOM_ROOM",
  "music": "MUS_PETALBURG_WOODS",
  "region_map_section": "MAPSEC_PETALBURG_WOODS",
  "requires_flash": false,
  "weather": "WEATHER_SHADE",
  "map_type": "MAP_TYPE_ROUTE",
  "allow_cycling": true,
  "allow_escaping": true,
  "allow_running": true,
  "show_map_name": false,
  "battle_scene": "MAP_BATTLE_SCENE_NORMAL",
  "connections": [
    {
      "direction": "down",
      "offset": -20,
      "map": "MAP_PETALBURG_WOODS_2"
    }
  ],
  "object_events": [
    {
      "graphics_id": "OBJ_EVENT_GFX_BRELOOM",
      "x": 10,
      "y": 9,
      "elevation": 3,
      "movement_type": "MOVEMENT_TYPE_NONE",
      "movement_range_x": 0,
      "movement_range_y": 0,
      "trainer_type": "TRAINER_TYPE_NONE",
      "trainer_sight_or_berry_tree_id": "0",
      "script": "PetalburgWoods_BreloomRoom_EventScript_Breloom",
      "flag": "FLAG_OBTAINED_PETALBURG_WOODS_BRELOOM"
    }
  ],
  "warp_events": [

  ],
  "coord_events": [

  ],
  "bg_events": [

  ]
}
